tweet_id,text,y_true,y_pred,y_score,agreement
GMRITAD0,"Oh, those evil vaccines will be the death of us all! <url> Measles-infected individual visited Super Bowl Village",-1,1,0.9545314237475395,0.6666666666666666
GSZI4N92,"Pregnant Nurse In Fear Of Miscarriage Fired For Refusing Flu Vaccine: LANCASTER, Pa. (WJZ)—A woman who lives just... <url>",0,1,0.880891527980566,1.0
4RIRAA5G,SOLS (school of life sciences) <user> seminar: three speakers discussing vaccines.,1,0,0.013710325583815575,0.6666666666666666
2AP0NRJE,Awl mra min yet USA y9er re7t el mmr 7lwa:),0,0,1.96289900031843e-05,1.0
C3KL0CZI,"Oh shit, measles outbreak on both coasts. 😅😅😅😅",0,0,0.0006151023076199635,1.0
DE568XKT,A child needs 16 vaccinations before starting Kindergarten? Wow! <url>,1,1,0.5587366074323654,1.0
WYVXGLXC,This is what happens when babies aren't vacinated! #vacinate #measles <url>,1,0,0.17391931056044996,1.0
KR1MKHR7,<user> I would be very interested in hearing your opinion after I know you have educated yourself on vaccination poisoning and Autism.,-1,1,0.8914567157626152,1.0
SCTLGGH9,I hope they find a vaccine for this disease since Hypopituitarism is becoming an epidemic diseases these days💔💔 <url>,1,1,0.5939354375004768,0.6666666666666666
KJH4WZCK,MMR playing South of Heaven. Nice. #Slayer,0,0,0.0004154977468715515,1.0
DHCGQG9X,"<user> <user> it's a world in which pox, vaccines have cleared. But a world with measles cause of baseless fears...",0,0,0.3218083046376705,0.6666666666666666
KKP8DVLF,#cooties shots (@ Allegheny County Health Department Immunization Clinic - <user> <url>,0,1,0.7628720151260495,0.6666666666666666
QJE207AX,Camden County Put on Measles Alert <url> via <url>,0,0,0.0035757864534389228,1.0
BEPV94OW,<user> is dying..and yelling that she has measles and needs to see a doctor now bc she's dying. <url>,0,0,0.11415265694085974,1.0
0IGTHRRT,"Way to go nonvaccination FREAKS. Not only is there a measles outbreak, but now pertussis is on the rise and that is life threatening illness",1,0,0.3465857720002532,1.0
1L2FN6DG,"<user> <user> <user>
My Boys are NNOOTT vaccinated
That was BATTLE ROYALE with all 17 schools just my Boys attended",-1,-1,-0.23645788431167603,1.0
QYVSME2U,"Type 1 diabetes ""reverse vaccine""? That disease really doesn't want to be associated with Paula Deen anymore",0,0,0.377171166241169,0.6666666666666666
J0DVXKE6,#Lastmanstanding sad to know that there really are ppl who don't vaccinate their children,1,1,0.8772146925330162,1.0
Y3RY07F0,People are so fucking misinformed about vaccines Especially new parents. Not vaccinating your kid is horrendous for public health,1,1,0.9998047709887032,1.0
X973NC03,Fox and Fox Sponsors MMR 5K! <url>,0,0,0.00021807235316373408,1.0
R5L6LA5I,Shooing Cough outbreak in PDX elementary school...dumbass Liberal parents who didn't vaccinate their kids!,1,1,0.9855544590391219,1.0
XVHW6NC7,"Wanted to stay of it, but I suck at that <url> #Measles #MeaslesOutbreak #vaccinations #VaccinateYourKids #vaccines",1,1,0.9715912831015885,1.0
G4GBIIBD,"The 1986 National Vaccine Injury Act prohibited ppl from suing vaxx manufacturers, health agencies and workers. Why was that necessary?",-1,-1,-0.88079116307199,1.0
VOTCLOF3,<user> The Columbia Health Department plans on holding community clinics as long as it has some type of vaccination.,0,1,0.513134365901351,0.6666666666666666
3GZABLLW,<user> don't you want information from high school classmates on why vaccines are bad,-1,-1,-0.07545039057731628,0.6666666666666666
55H58HIB,"“<user> My vote is for, from now on, <user> to be referred to exclusively as ""Measles Magoo.""

I think she'd like that.”",0,0,0.0680898898281157,0.6666666666666666
UCJT2YFL,Anti-vaccine conference. Guest list as qualified as cast of elementary school play. <url>,1,1,0.9903706652112305,1.0
OBWXVRDT,"POLL: Getting Non-Medical Exemptions For Children’s Vaccinations: Referring to students in public school, do you… <url>",0,1,0.9427528167143464,0.6666666666666666
LZY9MJA4,A book promoting the benefits of...you guessed it...Measles(hilarious reviews): <url>,1,1,0.5753823220729828,0.6666666666666666
IV0OQAG5,"<user> my ""babies"" were vaccinated and have grown up great! Thanks!",1,1,0.7333409786224365,1.0
XIAX4DXY,Lawyer Wants Oakland County Judge To Order Measles Shots For 4 Children: A judge could decide whether to order four… <url>,0,0,0.0010363404435338452,0.6666666666666666
E98EPQFK,2 Sides Face Off Over Vaccines In Public Schools: Opposing sides of vaccination bills butted heads Tuesday at a… <url>,-1,1,0.8978832494467497,0.6666666666666666
HPFDO75X,Paul Shepard suggests infants putting things in mouth may be immunizing selves against local bacterial fauna #MOOutdoorSummit,0,1,0.9525672364979982,1.0
MBZU8RC3,VACCINATE YOUR CHILDREN PLEASE PLEASE,1,1,0.9994226744165644,1.0
KVUREQ2C,The history of measles: A scourge for centuries <url>,0,0,0.0010093875680468045,1.0
37J5K18B,Kids must be vaccinated under new law <url>,1,0,0.17037278786301613,0.6666666666666666
T8ZPA73T,((Cada Dia)) Measles hit the roads of USA once again: Measles have been making a strong wave of attack throughout the region. The num...,0,0,0.0012296302302274853,1.0
M904GGC8,I wish both teams could catch the measles from Disneyland; hate both of these #SuperBowl teams.,0,0,9.589447972757625e-05,1.0
SAKM4PXD,It’s back-to-school time. Which vaccines should your child get?: Concerns about vaccinations are common. But… <url>,1,1,0.9586592353880405,1.0
MLF0E2AV,"<user> yeah, but second question: is it undoing herd immunity and making people sick with previously cured diseases? Probably not.",1,0,0.007784064393490553,0.6666666666666666
ASADG2AK,We Turned Up To Def madhatterdc #mmr #dc #dj #djflyer #djflyerguy #connecticutave #clubbing #nightlife… <url>,0,0,3.990491165950516e-06,1.0
N9I59R4N,"Any trip to the vet, regarding more than just annual vaccines, scares me.",1,1,0.7097062654793262,0.6666666666666666
K0MKUPWS,"Withing drawing blood and giving this kid #vaccines, had to #poke him like  @ Harlem Hospital Mural Pavilion <url>",0,0,0.3525734841823578,1.0
X5OC35FR,#hearthiswell MY DAUGHTER IS VACCINE INJURED.. VACCINES ARE NOT SAFE,-1,-1,-0.9941702499054372,0.6666666666666666
O3JI640M,"Can't vaccinate stupid RT “<user> ""I've never heard of these diseases I'm supposed to be vaccinated against!"" Thank the vaccine.”",1,1,0.944437874481082,0.6666666666666666
VJ0QZWQ5,Fort Worth resident gets measles after softball event in Kansas: A Fort Worth resident has been diagnosed with... <url>,0,0,0.0008620391254225979,1.0
AGW7WAF4,In '14 some in US indulged in unfounded #Ebola fears; meanwhile 1000s of anti-vaxxers have left us open to epidemic of preventable #measles.,1,1,0.8887965977191925,0.6666666666666666
BVK9RMKC,"What's awful is there are researchers working to cure Alzheimer's, cancer, ALS. Now do they have to stop to find a cure for measles",1,0,0.026571912690997124,0.6666666666666666
WHK7VI7D,Colorado’s New Immunization Rules: Politics Trump Health: So Colorado just made it a little harder to get a non… <url>,1,0,0.2899218499660492,0.6666666666666666
HS873E7E,Do they already have a cure for Measles?,0,0,0.00093631717027165,1.0
X3RJU8RG,Wait people actually still believe vaccines cause autism?,1,1,0.7854859381914139,1.0
DH8JYA7W,Safety in the arms of God is not immunity insurance. Safety in the arms of God is peace while in the storm.,0,0,0.1257372796535492,0.6666666666666666
QLXCRT2T,H shir mmr we have keystones,0,0,0.00021989787092024926,1.0
Q5AD47HI,Can't even imagine how angry and scared parents of too-young-to-vaccinate kids are right now,1,1,0.8640724048018456,1.0
PI6TOX7X,The pic that'll impress my kids the most <user>  #paralympian <user> #polio advocate #instacorps #vaccineswork <url>,1,1,0.9923104855843121,1.0
5ZQ05RLZ,Bout to drop the hottest vaccine. 💉 @ Piper High School / BRACE <url>,1,1,0.6486347764730453,0.6666666666666666
G5Y35JOY,He said Shawty what you sippin on.... #HennyInMyCup #WhySoThick #MMR #ILuvvIt  pulseonwed @ Pulse… <url>,0,0,3.844330763058679e-06,1.0
4AUJUYP8,"As anti-vaccine communities grow, measles and whooping cough make a comeback <url>",-1,1,0.9560340270400047,0.3333333333333333
005FKX6S,It wasn’t Wakefield who said vaccines cause autism it was Julie Gerberding…head of CDC #CDCwhistleblower <url>,-1,-1,-0.9636314250528812,0.6666666666666666
L4QFMYOK,I ran 4.824 <user> to help <user> vaccinate children worldwide. #EveryMileMatters Because running makes everyone happy :),1,1,0.9901116841938347,1.0
MV3JJJY5,Having to talk an adult man into getting basic vaccinations is my biggest film school struggle yet.,1,1,0.7363774497061968,1.0
GBHYKFTG,Worker at Emeril's MGM diagnosed with measles: An adult who worked at Emeril’s New Orleans Fish House at the MGM… <url>,0,0,4.618399246680838e-05,1.0
1OO47PGW,"EBOLA VACCINE, HIV VACCINE, BLACK PLAGUE BLACK DEATH VACCINE, YERSINIA PESTIS VACCINE #VACCINES YOU CAN TRUST ! <url>",1,-1,-0.9833767637610435,0.6666666666666666
QF7VGASO,"Grateful for passionate, intelligent #TCH physicians like <user> researching &amp; creating vaccines for neglected diseases #globalhealth",1,1,0.5305385924875736,1.0
SB9PAAQ1,"<user> omg hahah. Yeah, so far all I've read is that I have the measles.",0,0,0.005383078052545898,1.0
S6KH138N,AIDS N : FIT Biotech Oy: FIT Biotech's HIV vaccine demonstrated to be safe and well tolerated in two clinical ...:… <url>,1,0,0.29056669771671295,1.0
SCPG5AMD,"Welcome development against vaccine preventable diseases** ""<user> Cross River Introduces Pentavalent Vaccine <url>",1,-1,-0.36628979444503784,1.0
VJSOG4TZ,"I just saved a dog having an allergic reaction to its' vaccines, so it's safe to say I feel like a badass right now. ☺️",0,-1,-0.8063270971179008,1.0
SR2547IO,"Hah. Ha ha. 

Fucking vaccinate your children.",1,1,0.9641282542143017,0.6666666666666666
ROCVXKHZ,"<user>  ""...there was a link between vaccines and autism""",-1,1,0.609695553779602,1.0
C48CX8OK,"Learning ""The Truth"" behind the myth of vaccines. Representing <user> #shermanpride… <url>",-1,1,0.0005498826503753662,0.6666666666666666
ZZVTM2M0,"<user> an app that details immunizations requirements for countries you want to visit along with disease outbreak info,",1,0,0.060471435193903744,0.6666666666666666
JJD503BK,Georgia confirms measles case: State health officials have confirmed Georgia's first reported case of measles since… <url>,0,0,0.0001335261314352465,1.0
ZCIAST69,#Vaccinate or Not? Did you regret having your kids vaccinated? Just seeing where everyone is at on this!,0,1,0.9895780996885151,0.6666666666666666
X9LN82EY,Which states are the best (and worst) at vaccinating their kids <url> via <user> <url>,1,1,0.7672683447599411,0.6666666666666666
EHP7IFHO,"<user> so, by your logic, if all measles vaccinations stopped today - there would be no adverse public health issue?",1,1,0.9473628813866526,1.0
P1BFQUQC,<user> Or just meet a couple Americans with measles.,0,0,0.019566522358218208,1.0
U8D5PVML,Tea-ching kiddos how to stay healthy this winter with this Immuni-Tea...Clove and cinnamon make… <url>,0,0,0.2917317394167185,0.6666666666666666
SP6ILV3D,View state-level data of infectious diseases before and after vaccines were introduced:  <url>,0,-1,-0.7336088344454765,0.6666666666666666
JJC1Y3IJ,<user> <user> how about a segment on HPV instead of giggling about Michael Douglas. It's a serious disease. Oh and there's a vaccine.,1,1,0.7669808808714151,1.0
MLYI6HOZ,Miners fight is on the field! Pregame is being learned fast! #MMR #UTEP,0,0,0.001017181853967486,1.0
KLW13KHN,"Assault on 27XX S DORT HWY, Flint, MI (via spotcrime.com): Shooting/Stabbing. Pd & fd with mmr rig o/s with subject ... <url>",0,0,6.00637025627293e-06,1.0
CH2R6PR2,"AIDS N : Ripley Co. Health Dept. Announces HIV Testing Clinic, Flu Vaccine Information: (Versailles, Ind.) – The… <url>",0,0,0.01038382260594517,1.0
3V7G1ZCY,<user> what surprised me was the hubris. They knew how Europe felt and assumed immunity. Cheney relit the fire &amp; scared Dubya a lil,0,0,-5.2776013035327196e-05,1.0
ISRMAXCH,#measles outbreak in the southlands. Vaccination should be mandatory.,1,1,0.5730293989181519,0.6666666666666666
H5FMWXBC,My poor baby is having a reaction to his vaccines today 😞,0,1,0.5985041558742523,1.0
ILX7U8AE,“<user> People who complain live longer. Releasing tension increases immunity and improves overall health.” <user> youre immortal,0,0,1.682197654417905e-05,1.0
HQ386J85,"also, the people who say things like ""but why should I worry if my kids are vaccinated? they're safe?"" are almost as bad 😑 #facepalm",1,1,0.8374812342226505,0.6666666666666666
KYTWK08U,Yikes! “<user> San Francisco LinkedIn Employee With Measles Rode BART for Three Days While Contagious <url>,0,0,0.0008691316438671493,1.0
WNU60B2A,"#VT Senate just OKd Lyme Disease bill; like Hoyse, provides docs immunity for prescribing LT treatment <user> #vtpoli <url>",0,0,8.445098865195177e-05,1.0
CPFZOKWC,Free Back To School Immunizations Today: Back to school shots available today. <url>,0,1,0.9953272120546899,0.6666666666666666
XWD2323R,Autism Scandals and Vaccines  <url>,-1,-1,-0.36988191306591034,0.3333333333333333
TDOF1ZK2,Meeting with another vet vaccinating dogs to prevent Lyme disease <url>,1,1,0.883458572323434,0.6666666666666666
N8419O3Z,Got fucking infantago on my arm from my dads stupid ass cat that doesn't have any vaccines. It's basically a wild animal,1,1,0.886837013065815,0.6666666666666666
IW9HM6JN,I still can't believe its 2015 and there's a fucking measles out break jesus christ,0,1,0.6458664275705814,0.6666666666666666
44G1WIPG,I hate listening to these opinions about not vaccinating your children.,1,1,0.9728433168493211,1.0
7T36YO61,"“<user> As measles rises, doctors drop anti-vaccine parents.” Including Ms Jenny ihope",1,1,0.9157927520573139,0.6666666666666666
XKIS9IZM,Another medical study shows no link between #MMR #vaccine and #autism <url> via <user>,1,1,0.6824623122811317,1.0
RWRDUI2T,"Scary how false science spreads. Kids will die due to it ""<user> 1 in 5 millennials think vaccines cause autism <url>",-1,1,0.5385109335184097,0.6666666666666666
0SAUAMVA,Reading fb comments on measles articles 😂😂 Great entertainment.,0,0,0.012647388852201402,1.0
MHKBY0OV,"This is how the world ends; not with a bang, but with a Jenny McCarthy-inspired public health crisis. #VaccinateYourKids",1,1,0.9880142622860149,1.0
JYIPZU75,"You bash medical procedures based on ""scientific"" claims of harm when there are thousands who would kill 4 the vaccine and can't afford it",1,-1,-0.3012011647224426,0.6666666666666666
CIYXKET3,"How can Rand Paul make the ""children as property"" argument for vaccines, but not accept it for abortion? The cognitive dissonance burns.",0,1,0.3332970440387726,0.6666666666666666
47JG4EVY,HOLLA @ MOTHER EARTH FOR THIS LOVELY WEATHER &amp; PERFECT OPPURTUNITY TO DONATE TO <user> &amp; IMMUNIZE SOME BEAUTIFUL CHILDREN,1,1,0.9312774427235126,1.0
98KOOCMC,<user> where do I go to get Ryno his middle school vaccinations? Too big for shots for tots? Ouachita Parish Health Unit?,1,0,0.042573243379592896,1.0
9SAVTAZC,Hey #sciencedeniers ya happy yer #antivaccine stance has allowed measles back in the population,1,1,0.6338159586302936,0.6666666666666666
DDNZZCGG,"If your child isn't vaccinated, please do the right thing and keep it the hell away from me",1,1,0.6271324753761292,1.0
47YI0QGF,"Due to this belief, infants who are too young to be vaccinated, are contracting measles from those children",1,1,0.8721609935164452,1.0
H0ZQ952P,<user> <user> Sadly: Some vaccinated are at risk from the unvaccinated <url> <url>,1,1,0.43474578857421875,1.0
Y0XVF4QO,"""<user> The Anti-Vaccine movement has led to a public health crisis, author says. <url> via <user>",1,1,0.6820950135588646,1.0
99OB3GZ3,“<user> Health Dept. Warns Super Bowl Visitors May Have Been Exposed To Measles... <url> yikes,0,0,0.007007140411587898,1.0
TYXXXG50,Fairfield Co. Health Department Running Low on Flu Vaccine: LANCASTER -- A busier-than-average flu season has the... <url>,0,0,0.05383033934049308,0.6666666666666666
KUQKSSSR,<user> are statements/discussions made prior to the debunking of vaccine-autism link all that relevant?,1,-1,-0.4314843416213989,0.6666666666666666
AK3X6CBZ,New case of the measles reported in King County; where you may have been exposed: KING COUNTY — Health officials… <url>,0,0,0.0001621679878098803,0.6666666666666666
9A9M4NO4,The deadly truth about vaccine denialism <url> via <user>,1,-1,-0.9187662228941917,1.0
CAD2Y40G,"Dr. and Senator Richard Pan reminds parents of the importance of immunizing children, especially with current measles outbreak.#PTA4KIDS",1,1,0.9968193673412316,1.0
S4BCDJ5U,<user> on Thursday 👆👉<user> on Friday 👉<user> on Saturday #mmr #FLYORDIE Weekend !! <user>,0,0,8.476384431332917e-05,1.0
S4VYY2B0,"This lady that lives around me is slow , but everytime she sees measles me were  my baby is , cause she always sees me when I'm with her",0,0,0.04617610294371843,0.6666666666666666
EAMOKKL3,Unvac student exposed thousands to measles in CA. Danger to immunocompromised and those too young for the vaccine. <url>,1,0,0.10746431048028171,0.6666666666666666
8DX51X8B,"The little short , light skin dude in #MMR kills me when he curse ",0,0,0.010726282023824751,1.0
FU8VWV36,No one kept my babies til they were six month old you gotta let they immunity build up fuck DAT #MyrtleManor,0,-1,-0.7046424858272076,0.6666666666666666
WNN1PFZR,Flu vaccine may protect against heart disease: Getting a flu shot this season may not only greatly ... <url> #Plano #News,1,1,0.39010317623615265,0.6666666666666666
83IXUO36,<user> what's real sad is that vaccinations against Trial Lawyers cause autism.,0,1,0.08444339036941528,0.6666666666666666
WINTTIOW,Drunk thanks to #MMR and #GFE,0,0,0.0015770708450872917,1.0
XVNLDSPO,"For the record, I don't think LC has the measles. I was commenting on the silliness of internet diagnosis.",1,0,0.00020367795514175668,0.6666666666666666
XU0XQHCO,(Con't) that giving children vaccines according to the recommended timetable causes other problems such as autism.  Glad that's resolved!,-1,1,0.9667253661900759,0.3333333333333333
HTRF1KF4,Nuttin better than getting up early to vaccinate chickens before school 😬 #farmlife,0,1,0.9475420983508229,1.0
CIVDFF1L,If you were dumb enough to not get vaccinated I think measles is a suitable punishment.,1,1,0.8720758520066738,1.0
NITP69Z0,<user> Thought u'd find this interesting as a flu shot enthusiast.Chattanooga man paralyzed after getting flu vaccin <url>,-1,-1,-0.6614211797714233,1.0
ZUWYGZL0,<user>   Measles McCarthy and now Rubella Rand (Paul)? Is he a Ophthalmologist Scientist or a Christian Scientist? <user>,0,1,0.3767796978354454,0.6666666666666666
1Y2ENLL6,<user> <user> <user> <user> I say the polio vaccine had little or nothing 2 do w decline of disease,-1,-1,-0.46565085649490356,1.0
5BWOJ7QG,66 confirmed cases of measles in California-centered outbreak <url>,0,0,0.00013203507205616916,1.0
J7PL16F8,To be able to fight it off. Some will say its a dead strain if its dead how you build up an immunity nithing for body to fight,0,0,0.0005773671437054873,0.6666666666666666
DKZ24EER,My first case of actually seeing measles. Saw so many diseases I studied but rarely see in the states. <url>,0,0,0.0022809411166235805,1.0
MKETTIUY,"Austerity is not a Vaccine to Crisis... It is a Parasite with Pandemic Potential! It Drains Life, Killing Slowly! #OccupyDallas",0,0,-0.005228119844105095,1.0
EYI5C0PQ,<user> skeptical about the ingredients in vaccines. Causing autism!!! CDC will cover up .Big $. In meds,-1,-1,-0.9420168772339821,1.0
M0EZ8BFZ,Seriously people get your kids vaccinated like I will never understand people that are against it the benefits out way the risks WAYY more,1,1,0.8828536458313465,1.0
M42RRC3Y,Possible Measles Exposure at Berkeley Restaurant:  Patrons of La Mediterranee restaurant in Berkeley may have been… <url>,0,0,7.771635000608512e-05,1.0
1JNX1LIJ,<user> your a moron. If you don't vaccinate then home school your child.,1,1,0.9699927708134055,1.0
2CDLGZYN,"HR187 [NEW] Recognizing the week of April 18 through 25, 2015, as ""National Infant Immunization Week"" in Pennsylv... <url>",1,1,0.9647593833506107,0.6666666666666666
YE0L67RI,I use to love slide puzzles as a kid. I guess so did spencer. #immunitychallenge #survivor <user>,0,0,0.23711412400007248,1.0
ZNCFI833,To the people who don't believe in vaccinating your children : Why???,1,1,0.9349735789000988,0.6666666666666666
3DZLTZL1,My MMR has fallen to the depths of hell. I swear I'm not duoing with anyone for the rest of season 5.,0,0,0.0006128980458015576,1.0
ACLY3M18,Kids &amp; Vaccines In Spotlight At State Capitol: DENVER (CBS4)- A controversial bill over children and vaccines is... <url>,-1,0,0.056686967611312866,0.3333333333333333
UFVOSS5N,Going to #Disneyland with mah sisters again on Sunday! #CSbonding #measles #weallgonnadie @ Disneyland <url>,0,0,0.000361683808705493,1.0
VFETLVN5,Excited about MMR BBQ today. It's going to freaking awesome. If your going then I'll see you there.,0,0,0.0526324675847718,1.0
WXPZ7H3T,It's such a good idea to stop vaccinating your kids....IDIOTS!!!!,1,1,0.9997328350436874,1.0
CSBZKEAS,Updated vaccinations for the kids.  Sushi and Shahla always run and hide when I even think... <url>,1,0,-0.021275803446769714,0.6666666666666666
EMHEMUD9,E.vy shot &amp; edit by <user> #MMR <url>,0,0,0.0018295518239028752,1.0
DAF18PGY,<user> Here is the method: Convince parents that they are putting their child &amp; others at grave risk for bad reasons by not vaccinating.,1,1,0.9735337672755122,1.0
OVPCV1YS,"CDC now recommends two doses of chickenpox vaccine: When you take your kids to get their vaccines, you may need... <url>",0,1,0.5143817514181137,0.6666666666666666
BCE8E4A9,CDC: 170 Measles Cases In US Since January: The number of US Measles cases this year is growing. The CDC says 170… <url>,0,0,0.004971189773641527,1.0
PJAP6Y3N,Current status: in a line about 30 deep for dog vaccine. Can't board your dog without a vaccine but Crom forbid you get one for your kid.,1,1,0.8452823981642723,1.0
XSPH8DS6,"This place pays in beads, blankets and measles. #morallybankrupt",0,0,0.0003540471670930856,0.6666666666666666
X32XGDF0,Baltimore County Investigating Possible Measles Case: The Baltimore County Department of Health is investigating a… <url>,0,0,0.0002800121283144108,1.0
UPA8QC3M,"Pediatrician Says 5-in-1 Vaccine Pushed by Bill Gates’ GAVI, WHO Will Kill 3,125 Babies

By Aaron… <url>",-1,-1,-0.8817605562508106,0.6666666666666666
7BTXS6MP,"""<user> ! <user> <user> imagine how mad you'd be to watch your healthy child crash hard after vaccine then doctors mock you""",-1,-1,-0.34712454676628113,1.0
8TLK42RE,The # of people opting out of vaccines has steadily dropped. Measles outbreak not caused by not vaccinating.  <url>,-1,1,0.5641475468873978,1.0
Z8DOGGKJ,MMR vaccinations do not cause autism. Guardisil does not cause early-onset sluttiness. My scooter does not cause global warming. #juststopit,1,1,0.7988814562559128,1.0
9IRL6EKB,"Why are you All blaming American women for not vaccinating their children thus outbreaks,look at the real truth <url>",0,1,0.9923926283372566,1.0
TXP07VTD,You're putting other kids who literally are incapable of being vaccinated at risk. You fuckers are the real criminals.,1,1,0.8384857326745987,0.6666666666666666
KNVJG9QX,Question: making meth around kids = poss 25 years in jail. Not vaccinating kids =  parents right to choose. Both effect kids health!,1,1,0.7892811074852943,0.6666666666666666
1GCFIIGL,"Love vaccines, kinda hate vaccine days. Some babies sleep afterward. Mine does...not. Wow do I need a drink that I can't have.",1,1,0.7603635266423225,1.0
X9X8UZSD,Texas Republican Calls For Limiting Vaccine Exemptions <url>,0,1,0.8534202231094241,0.6666666666666666
45W4QN7O,<user> Communities need to maintain vaccination rates of at least 92% to prevent measles outbreaks,1,1,0.9089565146714449,1.0
W64OZSE4,My pick for #Survivor winner is killing it at this  immunity challenge. I hope he gets it! 👍 <user>,0,0,0.026065011974424124,0.6666666666666666
8961QAZ8,"<user> Measles, the California treat. <url>",0,0,0.0010327912464163091,1.0
UFQTUBZA,Well your dead you got measles and I didn't treat it somewhere on the Oregon trail your Laying dead  <user>,1,0,0.006137776448667864,0.6666666666666666
683WCT0I,Why don't people want to vaccinate their children?? 😭170 cases of the measles and counting…,1,1,0.9641225291416049,1.0
CXBDOQR1,<user> <user> You mean the vaccines are bringing back Measles.  I didn't contract German Measles for 25 yrs until that vaccine!,-1,1,0.8395091108977795,0.3333333333333333
A56FLQ35,Kid immunity enhancing facility. <url>,0,0,0.004535895888693631,1.0
RFMVGK0I,"“<user> Disney park measles outbreak spreads to 95 cases <url> VACCINATE YOUR KIDS, MORONS.",1,1,0.9557015245372895,0.6666666666666666
PUG5NUIH,"Suspected Lake County, IL measles case lab results come back negative <user>",0,0,0.0005394769832491875,1.0
42GBO6DX,Brooklyn Franchise Liaison / Chicago Jennifair #MMLLC #MMR <url> <url>,0,0,6.918301323821652e-06,1.0
SURTANBM,These high-tech immunizations fight disease without needles: <url>,1,1,0.8693992458283901,1.0
PBSFGKBG,<user> no Disneyland 22 people got measles lol,0,0,0.006502459436887875,1.0
3EY12B3X,Eric holder is forcing you to send your babies to start school with illegals who have had no immunization shots!,1,1,0.9026332385838032,0.6666666666666666
V133BGPY,Saying someone who chooses to not vaccinate their kids would rather they die than have autism shows how small minded you truly are,-1,1,0.9717608876526356,0.6666666666666666
BESZHCRN,<user> unfortunately kids die from preventable accidents and diseases for which we have immunizations. Prevention.,1,1,0.9854543206747621,1.0
NU6AD79F,"<user> kat, no kidding! Perry lacks credibility on the vaccine issue.",0,0,0.266599103808403,0.6666666666666666
8OF0FHKG,“<user> The doctor who claimed there was a link between vaccination's and autism got his doctoral license revoked.” <user>,1,1,0.9177533835172653,1.0
UT2GOS22,<user> deathly because of the vaccinations I got yesterday. Ready to go back to sleep.,-1,1,0.9699100311845541,0.3333333333333333
IH67ZB0P,“<user> A handy guide on how vaccines cause autism.  <url> Hahahah,-1,1,0.3341805338859558,0.3333333333333333
NZDN0PSW,"“On average, people who complain live longer, Releasing tension increases immunity & boosts health.” <user> I AM doin somethin right",0,0,3.08435310216737e-05,1.0
O4UB20DL,<user> Don't get Measles!,0,0,0.0906175393902231,0.6666666666666666
V3H31TSP,Measles epidemic on tonight's <user> episode. Hope PNW parents are watching. #dontdelayvaccinate,1,0,0.0376157017017249,1.0
XS6GL39P,"MMR doesn't leave a scar, smallpox does. smh RT<user> My #measles shot scar from childhood. Do we still need it? <url>",1,0,-0.09656719863414764,0.6666666666666666
TPX2BVFN,<user> Had them. Wouldn't wish them on anyone. Had Red measles German measles Chicken pox and mumps all in the same 2nd gr winter.,0,0,0.0013087819711472548,1.0
1Q3JRCVK,If I ain't the illest nigga I'm it's new vaccine really more like poison when this new jack swing,0,0,0.00032808554533403367,0.6666666666666666
RTCA8PJS,<user> <user> <user> what a question! Of course they do! Booster vaccines never hurt. #nostupidity #measles is the new #Ebola,1,1,0.562603235244751,1.0
S907483O,MMR school is opening 2 hours late. CARES begins at 9.,0,0,0.002068593081276049,1.0
8T892Q3A,Attention stupid people: vaccinate your children!!! <url> #vaccineswork,1,1,0.9997847264166921,0.6666666666666666
9HC4JKCH,"<user> My son has endured 3 yrs of chemo, while it tries to wipe out cancer cells chemo also wipes out immunities.Measles too.No :/",0,-1,-0.9597647469490767,1.0
AR28AUOF,U.C. Schools To Require Measles Shots <url>,0,1,0.8069638889282942,0.6666666666666666
Z6EFX5OL,if you don't vaccinate your kids (unless they're allergic to a vaccine or something but you know what I mean) you are a terrible parent.,1,1,0.38620471954345703,0.6666666666666666
OM26E6DG,"Pakistan partly suspends polio vaccination program after terrorists kill health workers
<url>",0,0,0.40848975628614426,1.0
UEZKC0O3,Getting shorty updated on her vaccines #preventativehealth (@ Metropolitan Pediatrics - <user> <url>,1,1,0.46111157536506653,1.0
HY79NXW3,"""Why Your Dog Can Get Vaccinated Against Lyme Disease And You Can’t."" (Hint: Anti-vaxx idiots.)
 <url>",1,1,0.9861199702136219,1.0
XQOWF43N,RT <user> Health officials warn of possible measles exposure at tennis clubs in Kirkland and Bellevue <url>,0,0,0.12361516570672393,1.0
6X1OVNOO,"“Measles is so contagious that if 1 person has it, 90% of the people close to that person who are not…” <url> #superbowl",0,0,0.005594568501692265,1.0
Q9W6YKCH,"#MeaslesOutbreak Please immunize your children; I remember having to be quarantined, no vaccine when I was a child. <url>",1,1,0.9946630946360528,1.0
FD8RQ5WD,<user> NCAA tourney Edition.Hot-Faking measles.10minsAgo-Faking strep throat.Not-actually hurting back but get to watch games #Truth,0,0,2.864991483875201e-05,1.0
YN1JHJR7,Maternal vaccination with influenza/other protects newborns who are too young to be vaccinated <user>,1,1,0.9554663905873895,0.6666666666666666
XJUNIZDY,<user> sounds like measles or chicken pox,0,0,0.0016789791261544451,1.0
6FN2DYI7,Get vaccinated. Got my booster last Fall. “<user> Children are vulnerable to #WhoopingCough <url> <user>,1,1,0.9882944435812533,1.0
H1DM0G2G,AIDS :  Children with immunities may be key to HIV treatment <url>,0,0,0.011562811909243464,1.0
OCTTKGZT,Hernandez baby mama trill had full immunity and still didn't tell on em,0,0,1.1522760132720578e-06,0.6666666666666666
J86I8U4D,"Immunization Information System (IIS) Epidemiologist - Wisconsin Department of Health Services -  Madison, WI: T... <url>",0,0,0.3677863674238324,1.0
OAOAJ9MO,<user> <user> freedom to protect my kids from disease is interrupted with freedom to ignore vaccines. This has to be reconciled,1,1,0.9956496288068593,0.6666666666666666
2OCNSYQ0,How do people still think that vaccines cause autism?,1,1,0.5396320819854736,1.0
J39KOUBW,<user> <user> <user> #scaretactic..Finish..In developing countries/NO MMR deaths in US for 10yrs/108 deaths w/MMR vaccine,0,0,0.04061406012624502,0.6666666666666666
W039DBR9,Home from another spectacular MMR: <url>,0,0,0.00014160832142806612,1.0
UPNOI1B8,"Today: meetings, lawyers, auditors, cancelled meetings, late meetings, leaky hillsides, measles. Just another day in the #EMLife",0,0,2.8788081124275777e-05,1.0
9VVMM1A2,Measles outbreak at dland and they still have a good enough attendance to raise their ticket prices hahah oh my,0,0,0.37621804513037205,1.0
4F9ZQMF8,"AM-News : Why Did We Overlook a HIV Vaccine that Can Protect Newborns?: Decades ago, scientists decided that a... <url>",1,1,0.5465362593531609,0.6666666666666666
A4UI57JB,"<user> The BCG (TB vaccine) isn't given in the US, I don't want my kids in school being exposed to disease YOU take that risk yourself",1,1,0.18018779158592224,1.0
OR5UEQCX,"""<user> #Measles Vaccination Campaigns Boost Coverage, Save Lives <url> <url>",1,1,0.8164981924928725,1.0
1O8JRVT8,Shit is unreal. Measles ass crap. Come on. Vaccinate your kids. Or go live in the woods.,1,1,0.9975047497136984,0.6666666666666666
M4CYM5AV,"Mind/body therapy has many health benefits for mental/emotional health, physical health and immunity, and even dermatological benefits.",0,0,-0.13845104351639748,1.0
WW8CW7YF,"Just spoke with our ped to confirm my 18-mth old has immunity to #Measles bc he had part 1 of vaccine. It's 2015, people. #Vaccinate",1,-1,-0.0769706666469574,1.0
51HDUW7X,Baby Gwyn got her first set of immunizations today and the only thing on my schedule today is cuddling. Cuddles cuddles cuddles,1,1,0.9967036989110056,0.6666666666666666
CR3J67TD,This Is Not An Error <user> #mmr #bluescreenofdearh #windows #fail #washingtondc #dc #dj #dmv… <url>,0,0,8.246349807450315e-06,1.0
NUVKPDV7,Scared of the flu vaccine? Let's see what's really inside it. <url>,1,-1,-0.503732293844223,0.6666666666666666
Z4N6OHCR,"<user> SARS is out, Ebola is over, Measles was a flop and swine flu was confusing. Let's go back to Bird Flu!",0,0,0.09678878542035818,1.0
H9CH4U03,This dumb bitch basically tried to say hand washing will defend against the diseases vaccinations prevent. I hate ppl.,1,1,0.6043198704719543,1.0
7S3TJN49,"Still need to get my chicken pox shot so My mom softly sings.. ""Samm needs a vaccine"" looked her dead in the eyes and told her to fuck off.",-1,1,0.08361023664474487,0.3333333333333333
U6Y2PY00,Disneyland asked officials to say park was safe during measles outbreak: Disneyland executives sent emails to… <url>,0,0,0.001263543075765483,1.0
7N348DJF,“<user> University to distribute meningitis vaccine that hasn't yet been approved - <user> <url> sounds safe,0,-1,-0.3270483911037445,0.6666666666666666
01WVQ80N,"""<user> Measles is so contagious that if 1 person has it, 9 in 10 of the people nearby will get infected if not protected. #getvaccinated""",0,0,0.07420230109710246,1.0
E2O0911G,Jesus thinks I have measles 😂,0,0,0.0005352314692572691,1.0
RJ5ZGJOP,Vaccine Dinner Club #cowbell @ Emory University School of Medicine <url>,0,1,0.6103919725865126,1.0
KEMBC54J,<user> <user> mientras gane por margen de 40 puntos.. Todo bien! #LigaMexas no mmr!,0,0,4.988952639450872e-05,1.0
5R4MLMAP,Despicable Measles <user> #adorableillnesses,0,0,8.840424993650231e-05,1.0
OCPTHZMF,People use science to attribute autism to vaccines yet dismiss the science that disproves that....i hate people sometimes. Not you ms upton,1,1,0.8481120802462101,0.6666666666666666
PY2VU6K3,"Let's make the measles outbreak a partisan issue, because that's the American way.",0,0,0.27370428293943405,1.0
OM0IM35Z,<user> vaccines lead to injury and death of children on a daily basis in this country. <url>,-1,-1,-0.08896148204803467,1.0
RUJUGL8C,Getting my immunizations to green level today :/ 💉💉 (@ Memorial Occupational Health) <url>,0,1,0.9514489201828837,0.6666666666666666
U2LAU5L5,#LivingTheLife #MMR   @ Many Men City <url>,0,0,0.0002580096797828446,1.0
D63ESN6Z,Eradicating polio. Using GIS to fight this disease. #EsriUC vaccinations and improved sanitary conditions. <url>,1,1,0.8233580850064754,1.0
OEFJ0JEJ,"""<user> average, people who complain live longer--Releasing this tension increases immunity and boosts their health.""<user>",0,0,1.7307981579506304e-05,1.0
UBSDL89G,#VaccinesWork to give children everywhere a <user> <url>,1,1,0.9494812078773975,1.0
ZK3S5U50,I have this theory. If you don't know anything about a vaccine except how to give it. I don't want to hear your constant rants about them.,1,1,0.8696638643741608,0.6666666666666666
ADRIXQBB,"Shit I don't know if i'm the only one whose scared of Vaccines just by looking at that big, fat needle ! :o",0,1,0.28934407234191895,0.6666666666666666
5F7VKMK9,<user> <user> just finished giving a big speech and you start off your broadcast with <user> #measles ?,0,0,0.4752762531861663,1.0
W48Z91DF,<user> <user> <user> eMTs have a greater risk of catching measles then we get a bola same cautions,0,0,0.005158713844139129,1.0
88TSOYG0,<user> well a quack doctor once wrote a completely debunked paper that he later retracted. Great reason to bring back measles.,0,1,0.6636289805173874,0.6666666666666666
CTF1MJWV,<user> global health requires tracking place &amp; migrations eg birds and refugees; vaccination campaigns eg global polio eradication,1,0,0.0013049936387687922,0.6666666666666666
41A0C3ZT,"#refugeecrisis
Can you imagine how many of these people have never been vaccinated against disease?
What is EU to do?",0,1,0.3147828280925751,0.6666666666666666
F40SYM3P,Robert Kennedy Jr. Compares Vaccine Debate To Holocaust As CALawmakers Look At Banning Exemptions « CBS San Francisco <url>,0,0,0.08742347441148013,0.6666666666666666
PQQFNX6D,*turns on news(for the first time in forever) STAY TUNED FOR DISNEYLAND; THE START OF A MEASLES OUTBREAK😑😑😑,0,0,0.0021686484578822274,0.6666666666666666
R0OURA1A,<user> yep.. Me too.. better to be vaccinated though. Just in case. work in the health field so it's sorta mandatory.,1,1,0.7835922539234161,1.0
CJPNXU1U,"I know people who don't want to vaccinate themselves/baby. And I'm like, babies get whooping cough straight from the mother &amp; it's fatal.",1,1,0.9964379639131948,1.0
S1LRHP1O,“<user> Damn the whole #MMR team came out #SkyboxLounge”,0,0,7.728891978331376e-05,1.0
O8B914DK,"RT <user> A call about vaccines just came in. Mark revealed that his son is unvaccinated. Is this child abuse? Yes, without a doubt!",1,1,0.5384171456098557,1.0
TDATG11W,#avma 2016 Meriel is out to stop the Lurking Dead.  Rabies Kills Vaccinate @ Henry B. Gonzalez… <url>,0,1,0.8165448345243931,0.6666666666666666
IGHN78FT,I got 3 vaccines in 2 weeks I'm pretty sure that's not safe,-1,1,0.9540969785302877,0.6666666666666666
KKAW7R3S,"<user> <user> <user> Mercury in vaccines? Nothing to worry about, of course.",-1,0,-0.07687512040138245,0.6666666666666666
3A2USUJD,"Remember that time America went bananas over whether or not kids should be vaccinated and the next week it was, ""LOL I don't care anymore"".",0,1,0.9904377099592239,0.6666666666666666
PYPLTUAX,Get your kids vaccinated people. M. M. R.,1,1,0.9587899316102266,1.0
I81EUHIP,Yes you should vaccinate your kids so they can grow up <user>,1,1,0.9900034889578819,1.0
PSEE38XV,5 Babies Diagnosed With Measles At Chicago-Area Daycare Center - <url>,0,0,0.0010760565201053396,1.0
V81F98D3,<url> Battling Infectious Diseases in the 20th Century: The Impact of Vaccines,0,0,0.273385651409626,0.6666666666666666
UQ0MISG8,"Kids getting their vaccinations...cuz Jimmy Kimmel told me to... (@ Hamilton Pediatrics in Hamilton, NJ) <url>",1,1,0.9442094936966896,1.0
S28ED3YP,Kaiser Study Shows Many Kids Not Vaccinated <url>,0,1,0.698144219815731,1.0
IDH0NNLN,"Especially because autism spectrum disorder is a birth defect, not caused by the MMR vaccine",1,1,0.3293907940387726,1.0
ZK5WAHU9,US Secretary Tom Vilsack explains $26.2M spending on deadly pig disease -- $11.1M for cost-share w/producers; $3.9M for developing vaccine,0,0,0.006914471974596381,0.6666666666666666
YGRDQ4LJ,earlier w/ therealsqueeze &amp; <user> #MilitantMinded #RRR #MMR #SRT10MG Yo rrr_dbd what up We Here !!!… <url>,0,0,1.9804497640052432e-05,1.0
64FTIZVN,<user> ayy akala ko measles mumps rubella vaccine. Hahahhaha,0,0,0.021262053327518515,0.6666666666666666
ADN2LJ0X,#ReasonsToNotVaccinate You live in Santa Monica &amp; your child is Far to busy @ the Toddler Pilates &amp; Gluten Free Day Camp to get vaccinated,1,1,0.8389233099296689,1.0
7PH7BTKI,<user> Stupid ass people think that vaccines are good for them and their babies because its fda approved.,-1,1,0.5751709192991257,1.0
FBFL512L,Six Month-Old Baby Dies Just Five Days After Receiving 13 Vaccines <url> They say it's just COINCIDENCE,-1,-1,-0.1609075963497162,0.6666666666666666
XOVJHA3R,<user> tho we don't have measles on the T just yet,0,0,0.0006773636141588213,1.0
P435P6BD,SB383 [Enroll] Providing immunity from civil and criminal liability to certain health care providers for performi... <url>,0,0,0.0011098641307398793,0.6666666666666666
SZ3ZROCT,Parents need to have an open and honest discussion about their child's #vaccinations,1,1,0.6380884200334549,0.6666666666666666
4I7CQTMQ,I just ousted <user> as the mayor of Central District Health: immunizations on <user> <url>,0,0,0.4613585602492094,0.6666666666666666
ACKJ9GO7,TBT 2/5/02-3 1/2 yr old daughter's colon pathology report <user> #CDCwhistleblower #MMR #BreakABillion #truth <url>,-1,-1,-0.9199281231267378,0.6666666666666666
RZINES6F,fake drugs “<user> Natural News: HPV vaccines: Gardasil becomes a market dud in wake of informed backlash <url> #mmot”,-1,-1,-0.49791084229946136,0.6666666666666666
OODBDY61,<user> mmr is a requirement. .lest you'll get a medical hold in school. So get it done asap. Measles mumbs. And rubella.  Plus menengitis,1,0,0.04729811448487453,0.6666666666666666
60NDGOPA,<user> what does me having any children have to do with reading research on vaccines and autism? Sorry your genes gave him autism.,1,1,0.81989686191082,1.0
CEO5VSC5,I probably won't vaccinate my kids either to be real. That shit is a joke.,-1,-1,-0.29142478108406067,1.0
6RJB47ST,<user> use mix of incentives (<user> home counseling to reduce fears of #vaccination. How do we do that here? #learnfromindia,1,-1,-0.18143180012702942,1.0
3Y5YOWLW,sooo the CDC claims the Ebola vaccine only works on white ppl. #ByeFelicia,0,-1,-0.9277698760852218,1.0
ALFT8211,"Concerning . . .""<user> 5 babies who attend a daycare in Chicago have been diagnosed with the measles: <url>",0,0,0.002230795013019815,1.0
I32Z82IG,#Obama imported #ebola and #measles while at the same time giving Iran the nuclear option. Hmmm.,0,0,0.00014387528017323348,1.0
IC2G1UNS,"#noshotsnoschool RT <user> The science is clear: The earth is round, the sky is blue,and #vaccineswork. Let's protect all our kids",1,1,0.9925593606894836,1.0
C1BQSBKZ,Autism  Family Losing Our Home . Click to Donate:  <url> via <user> #autism #autismawareness # vaccine injury,0,-1,-0.4011354148387909,0.6666666666666666
MX2N2ODK,<user> haha! I've developed an immunity to such poisonous things! You can't get rid of meee~,0,0,0.11903108563274145,1.0
9XOJ5JFS,Parents speak out against House bill that would limit vaccination exemptions in state: In a committee hearing room… <url>,0,0,0.30701086670160294,1.0
FQZQQPQR,"“<user> School near Disneyland warns parents that student has measles - Fox News"" This happens when misinformed parents don't vac",1,1,0.9985789259371813,1.0
89P2DKCA,Arizona monitoring hundreds for measles linked to Disneyland <url>,0,0,0.0005115237418067409,1.0
1UQBJ4OO,<user> <user> <user> how many people have died from diseases that have vaccines today? How many have died from climate change?,-1,1,0.40626290440559387,0.3333333333333333
LLKMUPZ9,"<user> when my sister had it, my parents hoped I would catch it too, but I never did. She caught mumps and measles too I think. Not I",0,0,0.00024305290207848884,1.0
SUQIY505,<user> you opt out of car insurance by not driving. You opt out of vaccinations by not getting to go to public school.,1,-1,-0.3443025052547455,1.0
NF14HMXK,<user> It's too late! The #ILLEGALS have already infiltrated the country &amp; so have the diseases. Better start rolling out the vaccines #tcot,1,0,0.12319425493478775,0.6666666666666666
GHHUTE2N,"#Ebola With Ebola waning, attention turns to children left unvaccinated against measles ... - Saskatoon StarPhoenix <url>",0,0,0.09920056443661451,0.6666666666666666
016KGCQ8,<user> measles and the flu are much more communicable than Ebola. The reason it spreads so quickly in Africa is because a lot of burial,0,1,0.6661465698853135,0.6666666666666666
6P9XNJCZ,Vaccinate your damn kids. Bc for those kids that cannot get vaccines for real harmful purposes are gonna be just as in danger as kids,1,1,0.9909090808359906,0.6666666666666666
0N4UIEW4,Great questions on school immunization requirements and licensed pharmacy interns at #HB817 hearing. #pharmacy,0,0,0.005625720077659935,0.6666666666666666
TV8P8KT5,"<url> Just like every hospital, every team, school &amp; business should vaccinate ALL against FLU.",1,1,0.8094757702201605,1.0
K691UKJ1,"<user> <user>   blame it on fluoride,aspartame &amp; vaccinations with mercury in them. full scale chemical attack our ""government"" does",-1,-1,-0.9658436966128647,1.0
CP8X0J4W,"Republicans put political spin on almost everything. It appears most believe vaccines cause autism whn in fact, there's no evidence..",1,1,0.2465743124485016,1.0
B3LO6CSI,Children must be vaccinated! <url>,1,1,0.9071756415069103,1.0
8WYX4AFX,Ain't nothin like family #MMR #GMF #GetDownOrLayDown #SquadUp @ The Palace <url>,0,0,1.06349685324858e-05,1.0
AILPZS7I,<user> <user> The promethean enthusiasm is infectious. Like measles.,0,0,0.00020487501205934677,1.0
28UTILMU,"<user> <user> But yeah vaccines causing autism has been disproven and she was against all vaacines not just MMP, makes no sense",1,1,0.5038530379533768,0.6666666666666666
EOFYFVVC,Holy fucking Christ RT <user> One in five millennials thinks vaccines cause autism <url> <url>,1,1,0.7255395166575909,1.0
V30YDZ65,Of coarse trutherbot is anti vaccine 😂😂,0,-1,-0.0793028175830841,0.6666666666666666
E46UGC0Z,Where is the study comparing the health of vaccinated children vs non-vaccinated children?,0,1,0.2892919182777405,1.0
Y4S0VX2W,"Srsly""<user> The number of measles cases reported to the CDC during the first 5 months of 2014 is the highest reported since 1994""",0,0,0.0072203416202683,1.0
0EBEON47,CDC says it is too late to make new flu vaccine for this season <url> via the <user> Android app,0,0,0.17778335511684418,0.6666666666666666
HJFP01NK,"3 PREVENTABLE &amp; TREATABLE: Measles, malaria, &amp; diarrhea are 3 of the biggest killers of children. #AGWMAfrica #medicalmissions #hope4Africa",0,0,0.3077037534676492,0.6666666666666666
MWLHW2WB,"Two unvaccinated adults in Indian River County have confirmed cases of measles, health officials say.",-1,0,0.05749324837233871,0.3333333333333333
2PIFBRXW,"Flu has not appeared in our area,  but still could.   Get your child vaccinated today.  939-1250",1,1,0.9958531415322796,1.0
IR1FL5T2,Tarrant County Back to School Roundup coming ... soon: Need a new backpack for school? How about immuninizations?... <url>,0,0,0.0033211567206308246,0.6666666666666666
3WHZTXFP,<user> maybe he will go to Disney world to celebrate and get measles,0,0,0.17371666571125388,1.0
YOBLOIB7,"Doctor told me today that my body was unresponsive to a vaccine given to me as a child. Well, shit...",0,-1,-0.9066813625395298,0.6666666666666666
VR95811W,"Not vaccinating your kids is child endangerment, plain and simple. Of your own and other children. <url>",1,1,0.9949166786391288,1.0
BBMJC9HS,Confirmed cases of measles likely contracted on trip to Disneyparks in Calif.. <url> <url>,0,0,0.0010256051900796592,0.6666666666666666
MAK28I6J,“<user> 13 new measles cases connected to California Disney theme parks <url>  Vaccinate your kids!,1,1,0.9910197885765228,1.0
WD4MK06I,#AutismToday: there is no link between vaccinations and autism #educateyourself <url>,1,1,0.553630068898201,1.0
8OCYLR4F,"No, not getting your kids vaccinated is a great idea & yes, big pharma is just trying to hook them like a pusher in a 60s PSA #aprilfool",1,1,0.8925049602985382,1.0
2N8BW32H,<user> unless idiot parents don't vaccinate their kids again,1,1,0.9489221703261137,1.0
OSQEGJHC,Bill to Eliminate ‘Personal Belief’ Vaccine Exemption Passes Key California Senate Committee: A bill that would… <url>,0,0,0.005315608257660642,0.6666666666666666
F9185YMK,"In relation to my other tweet, I definitely believe you should vaccinate your kids",1,1,0.9532855320721865,1.0
3DQ1VBHV,First case of measles reported in Massachusetts: The first case of measles has been confirmed in Massachusetts this… <url>,0,0,0.0005314237796483212,1.0
6QZPPNYQ,"I am not a bad parent because my child IS vaccinated, my child is NOT breastfed, my child does NOT eat organic! He is JUST FINE!!",1,1,0.3622263967990875,0.6666666666666666
BZBH8FDG,Finally someone tells it like it is! RT <user> VACCINES DO NOT CAUSE AUTISM OK,1,1,0.905465129762888,1.0
PNGIMCDV,"<user> Quarantine Time! Can't bring a PBJ sandwich 2 school, but by all means bring in a case of Measles. #BackwardThinking",1,0,0.11904434050666168,1.0
GWUOU01D,Waiting with an elderly woman and mentally disabled kids at bus stop in Padadena. Woman: this is caused by corrupt gov and vaccination WTF?,0,1,0.934902461245656,0.6666666666666666
PWX203O1,Pakistani government support for vaccines &amp; vaccine safety is unwavering. #endpolio #globalissues <user> #vaccineswork,1,1,0.9771339511498809,1.0
8TZCWOBN,"<user> <user> <user> <user> U mean the parents opt out from vaccinating their kids? U call that""abuse?""",-1,1,0.45708057284355164,0.6666666666666666
6THUXHQA,30 days til mmr*b*q,0,0,8.745981040192419e-05,1.0
TGI3SGVO,<user> I think duo is fine unless there’s a hard stat saying that duo’s win a overwhelmingly higher % but that could be fixed w/ MMR,0,0,0.058214033022522926,0.6666666666666666
M2VPBP7R,The Ugly Truth About Vaccines Is Coming To Light In New Developments <url> via <user>,-1,-1,-0.12179729342460632,1.0
9T3BT4PP,"Good morning from MMR church (@ Mary, Mother of the Redeemer) <url>",0,0,0.0006195385280989285,1.0
XQR9Y8QS,#InitialsOfSomeoneWhoMeansSomething MMR hoe 😏,0,0,-1.0116054909303784e-06,1.0
3WUHQ770,Repeal Immunity for Drug Companies Against Vaccine Injuries <url> <user>,0,0,-0.22415895201265812,0.6666666666666666
24A3CSKZ,<user> <user> soon you will know them #MMR,0,0,0.0004928099224343896,1.0
WXC0EM79,<user> <user> <user> <user> Healthy teens R being injured by gardicil #vaccine,-1,-1,-0.6549005545675755,1.0
2F98OFNG,Maybe I should NOT go to school for a health care profession bc if someone refused get their baby vaccinated I couldn't hold my tongue.,1,1,0.38258811831474304,1.0
GMP7SBSA,<user> well as an adult it was your choice. This is referring to parents who refuse to vaccinate their relatively young children,1,1,0.9788461020216346,1.0
924VBFSA,"Finally, the truth is coming out. This vaccine changed my life..
#investigatebeforeyouvacinate… <url>",-1,-1,-0.8233318105340004,0.3333333333333333
3N49SV67,HB5361 [NEW] Health; immunizations; exemptions to immunization requirements; modify to require the use of forms c... <url>,0,0,0.35901457755244337,1.0
2SQMPYEB,"A true giant in PIDS - Dr Sam Katz, one of the measles vaccine creators, providing insights into measles. #stjudepids <url>",1,0,0.14330455544404685,0.6666666666666666
P80FMANE,<user> oh because the measles outbreak in California wasn't bad enough? 13 yrs working for a PEDs Dr thousands of vaccines 0 issues,1,0,-0.26326849311590195,1.0
SAO6IGOR,Measles Alert for Dulles Airport Travelers: A passenger infected with measles traveled through Dulles... <url>,0,0,3.770101756117583e-06,0.6666666666666666
RVBIOPK5,"You should really get your children vaccinated, it'd be awful if they were to catch these hands.",1,1,0.9784354828298092,1.0
GLR6IYR1,Canadian HIV vaccine researcher explores ways to engage at-risk youth <url> via <user>,0,-1,-0.015218079090118408,0.6666666666666666
2FYQHWD3,"""<user> People who complain live longer. Releasing this tension increases immunity&amp;boosts their health."" i'll live forever then. Lol.",0,0,-1.1809086572611704e-05,1.0
UK1U523M,<user> Bill's right! Is food abuse more dangerous for Americans than measles?,0,1,0.6892517791129649,1.0
1IA7RSSI,The problem with Obamacare is that vaccines are poisoning our plants and animals,-1,1,0.4391861706972122,1.0
WJBE3IYL,<user> <user> <user> - thanks to Dr Offit for an enlighting talk about measles outbreak at the NJ AAP conference.,0,0,0.0024285043436975684,1.0
ODTKO001,Enjoying a late lunch after 2 hours at the Health Department for our Guatemala immunizations! @ The… <url>,1,1,0.8164577044080943,0.6666666666666666
C9TSI9HK,How many kids at a school aren't immunized? Plano ISD says it can't tell you <url>,0,1,0.38140253722667694,1.0
IK8FFY0V,I won 4.00 measles dollars on lottery last night. Spent 20.00. Hell of a way to get rich. Lol,0,0,0.0005638379161609919,1.0
KHA6LZ6C,Don't bring that measles &amp;&amp; Ebola shit in Baltimore,0,0,0.0017060551290342119,0.6666666666666666
J6Q5PZVV,"<user> my question is: if you don't get your kids vaccines... How will they fair in getting into schools, colleges, etc (policies) ?",1,1,0.4732968211174011,1.0
XOJ6A94A,"Don't wish 2 #vaccinate ur #children?
Fine, but u shld b in a #national #registry so, in case of #outbreak, we can protect all kids #equally",1,1,0.9987536441622069,1.0
GFJ4BMRI,<user> Vaccinations WORK! U R STUPID IF U DO NOT VACCINATE UR KIDS. MORE HARM IN NOT VACCINATING. ASK ME. I LIVED WHEN KIDS DIED.,1,1,0.8879417814314365,1.0
HYKES0CW,"Mom's ""angry as hell"" Facebook post about measles goes viral <url>",0,0,0.00026360672200098634,0.6666666666666666
UXFKG4BN,Still trying to understand why people don't vaccinate themselves and their children,1,1,0.9598542833700776,1.0
P4W5D0YY,<user> <user> where he will promptly contract measles,0,0,0.0023188304621726274,1.0
VHY3NUZK,<user> <user> perhaps an undiagnosed allergy to eggs or vaccination ingredients. But mmr itself didn't kill her,0,-1,-0.9491243343800306,0.6666666666666666
DKSVY0WJ,DC Region Scrambles for Flu Shots: CDC is reporting that this year's vaccine is 62 percent effective against the... <url>,1,0,-0.06153230369091034,0.6666666666666666
BR2XP6S4,"Jeehz, I wish the Ebola fear mongers would get this upset over the parents that don't vaccinate their kids. Much much bigger threat.",1,1,0.9155857283622026,0.6666666666666666
A8PJQ3NS,<user> die from measles then,1,0,0.0018883672746596858,0.6666666666666666
1258AMHH,<user> also parents who refuse to keep their kids alive by vaccinating them bc he they think it'll make them autistic,1,1,0.9603211833164096,1.0
NSSJBULZ,<user> <user> but Andy this dr believes in you. Research is needed to refine harmful ingredients from vaccines,-1,-1,-0.32850244641304016,0.6666666666666666
Y34AT0VW,<user> I agree with you on Diet Coke by the way. Without vaccines you will have a resurgence of all the diseases that I see in elderly,1,-1,-0.5155088603496552,1.0
RRC11O75,"<user> The law is whatever the pediatrician says is ""the law."" That was the wording used prior to the 9 vaccines given to a 4 mo old baby",-1,-1,-0.26463910937309265,1.0
XR5Q9291,“<user> Measles death in Germany prompts calls for mandatory vaccinations <url> #vaccinessavelives,1,1,0.9065057011321187,1.0
RE93M6WV,<user> <user> we musnt forget that Congressional hearings abt MMR and autism gave this theory legs.,1,1,0.5463606417179108,0.6666666666666666
WKAEL9SG,"My son has been vaccinated at least 3 times but has no immunity to measles. It is rare, but pLease get vaccinated!",1,1,0.9270913377404213,1.0
LSTUTWI6,"<user> I believe that immunization is extremely important to protect children. If you get free $ from the taxpayers, do what you are told.",1,1,0.9898138358257711,1.0
2HOYSY0P,"AUTHENTIC EBOLA VACCINE, BLACK PLAGUE BLACK DEATH VACCINE, YERSINIA PESTIS VACCINE, HIV VACCINE. <url>",0,0,-0.33432771638035774,1.0
4354UU3O,"<user> <user> Measles killed 20% of Hawaii's population in the 1850s. In 1875, measles killed over 40,000 Fijians .",0,0,0.009782801127585117,1.0
34P1UVEN,I think MMR has the intern on the air. This guy sounds stiff as a marble statue.,0,0,2.1700191382478806e-05,0.6666666666666666
4FIENE7L,If I get the measles from some progressive thinking parents kid I'll fucking lose it,1,0,0.39690998883452266,1.0
1TWXE28D,There is nothing scarier than reading the reasons parents give for not vaccinating their kids,1,1,0.7855159174650908,0.6666666666666666
NWYJJ7LO,If we should require vaccines shouldn't we check immigrants illegal as well for disease. #tcot. #hypocrisy,0,1,0.4677516222000122,0.6666666666666666
X8HR64VU,"“It spreads rapidly:” Measles outbreak creeps closer to Wisconsin, here’s how to prevent it: It’s a list where no… <url>",0,0,0.0664274434093386,1.0
O9TTQI1N,“<user> New twitter poll: why won't Erin say hi to her boyfriend?” He has measles,0,0,0.0044265626929700375,1.0
37FHPXFS,Comment on this #Blogust post and <user> will donate a vaccine to a child in need. Join us! <url>,1,1,0.3557819575071335,1.0
BOL3Q5TN,"While the Potomac Horse Fever vaccine isn't 100%protective, it does decrease severity and duration of disease.  <url>",1,1,0.07577607035636902,1.0
TWM5DY65,"&lt;b&gt;1954&lt;/b&gt; The first mass inoculation of children against polio with the Salk vaccine begins in Pittsburgh. 
#KingDon&gt;&gt;®™",0,0,0.43857717886567116,0.6666666666666666
DIHD705Q,The scariest fact about the Disneyland measles outbreak <url> via <user>,0,0,0.002849290322046727,1.0
UOB14ELT,I cannot fathom Y U wldnt vaccinate UR kids. Shits been debunked ppl. Even if u BOUGHT IN2 it. JOIN US IN 2015 GLOBAL TRAV PUTS them @ RISK!,1,1,0.9823511126451194,0.6666666666666666
IB9AF4B7,"""<user> 4 measles cases linked to restaurant at MGM Grand Hotel &amp; Casino in Las Vegas, health officials say. <url>",0,0,0.0001465025961806532,1.0
8M1VK254,The big concern in past was Mercury's use as a preservative in immunization. Mercury's a ingredient in thousands of everyday products today.,1,1,0.865632719360292,0.6666666666666666
J6LZOXBF,This tweet has gone viral: it has the measles.,0,0,0.008717945835087448,1.0
37QRVTCX,Video coming soon........... haze_thegreat <user> <user> vernest_brownjr #MMR… <url>,0,0,4.443780562723987e-05,0.6666666666666666
4SAJAII0,"Tragic situation in #Somalia puts our ""recession"" into perspective. 600k starving children; dying from diarrhea, measles; no shelter. SMH",0,0,0.006082206149585545,1.0
CUCK7YIS,How do vaccines cause Autism? M <url>,-1,-1,-0.00247037410736084,0.3333333333333333
4NXCHST8,"Conversation at fifth grade lunch: I would rather get a shot than get the measles, right?  #goaskyourmother #outofthemouthsofbabes",1,0,0.056349019752815366,0.6666666666666666
KZNC5EAU,“<user> Father of Boy With Leukemia Asks California School Officials to Bar Unvaccinated Students <url> #vaccineswork,1,1,0.9796275816624984,0.6666666666666666
B9XUAX0F,Time for shots. Lyme Disease vaccination too - there will be a boom of ticks this year. :-/ <url>,1,1,0.9022611603140831,1.0
5QXZAR1S,Round 2 of immunizations. What a great way to start my day. (@ Vivo Health Work Well) <url>,1,1,0.8886985457502306,1.0
XRR2BZC0,The MMR ModSpace MX-5 team on the grid for the second Battery Tender race at Sebring! #Sebring #modspace #mazda #mx5cup #globalmx5cup #scca,0,0,1.5009351045591757e-05,1.0
6LANCD10,<user> <user> this seems very unlikely to me given how obsessively on top of of immunizations our kid's DCPS school is.,0,1,0.9774290104396641,1.0
HYDLOGP5,People from NY & Boston subjected in measles bowl village #outbreak 💉,0,0,0.04864976363023743,1.0
1DSPJQAP,"Dad, what are the measlies?
me: you mean measles?
Oh. Those too",0,0,0.036984431091696024,1.0
B8MCC5JX,"Shit all I know is, if you're not getting your kids vaccinated dont bring em around me or anybody else.",1,1,0.9274876676499844,1.0
V8K3C408,"Get vaccinated,  folks.  ""<user> Mother’s Facebook Updates Detail Son’s Tragic Death from Pertussis <url>",1,1,0.9857086325064301,1.0
LG8Q7LDO,"Parents who refuse to vaccinate their kids for measles! What do you think?
720 tomorrow.<user> <user>",1,1,0.9956635663984343,0.6666666666666666
Q4LJVMA8,"Our ""hot"" Saturday night spent constructing Ikea furniture. LC still measles free.",0,0,0.00016950607971466525,0.6666666666666666
WJRJEZJI,"German measles officially eliminated in North, South America: Health officials say the first region of the world to… <url>",1,0,0.0005117393479849852,1.0
T06ALLF0,Just got my last college vaccination. I hope Puigitis is on that list. The guys a disease. #VoteFreddie,1,1,0.9298209971748292,0.6666666666666666
6ICNWCYT,I have a 32 yo autistic child. I'd look at GMO food and water and nuclear waste before I'd look at vaccines #vaccinedebate,1,-1,-0.20371362566947937,0.6666666666666666
2QAOYO2I,"<user> Grampy, why did you say that? Don't bring me measles that's just what I don't need now!",0,0,0.006738383090123534,1.0
I3YV0L5X,<user> idiot!  They are perfectly safe.  Your doing more harm by not vaccinating,1,1,0.8101071640849113,0.6666666666666666
YL1Z5HTW,"<user> is wrapping up staff flu shots today, working toward 75% ""herd immunity"". Is your health provider protecting you?",1,1,0.9546403158456087,0.6666666666666666
8JLCP7O5,Dr. Fauci on vaccines: You have a responsibility to society... especially to babies who can't get vaccinated till 12 mos.  #AtlanticHealth,1,1,0.991554154548794,1.0
GKLV3UKH,"I beg of you all, immunize your children.",1,1,0.9880236801691353,0.6666666666666666
S8ZZVOJY,California legislature passes strict school vaccine bill: State lawmakers on Monday passed a controversial school… <url>,0,0,0.00043383273578001535,0.6666666666666666
7P4OD6TP,"Not sure if it's a cold, or from my flu vaccine. But I feel dead. (@ Indian Creek Elementary) <url>",0,0,0.14895211160182953,1.0
8A83J3DJ,Obama says vaccinate your children.  Thanks Obama.  I had just put my 1st down payment on an iron lung. #really? #arrogantignorance,-1,1,0.8488564230501652,0.3333333333333333
ACB2XSC0,"<user> His ""alternative medicine"" is based on an iota of truth, puffed into conspiracy theory. Vaccines save lives.",1,1,0.8385270945727825,0.6666666666666666
25X23TT5,Arizona monitoring hundreds for measles linked to Disneyland via <user>,0,0,0.0013608790359285194,1.0
BTAJ2WXZ,Measles are the cheapest thing anyone has ever gotten at Disney Land,0,0,0.0003492414316497161,1.0
DFCVSR78,"Today in the store we have Mossberg reps in the store doin product demos. We have the MMR AR platform,… <url>",0,0,0.001237363747350173,1.0
GIL37DFM,"""Cause Soon my day gone come, And they gone come with me"" 
#MMR #TheFamily #DisAintEvenErbody… <url>",0,0,0.00014250048843678087,1.0
WN366XKZ,"RT: <user> Hide your kids, hide your wife...everyone's about to get fucking measles.",0,1,0.9874850286869332,1.0
4UG3NAO9,"Skl based health centers help meet immunizations, sport medicals and save money from less hospitalizations.",0,1,0.7532226720359176,0.6666666666666666
L1N4PJXV,.<user> #measles is an incredibly contagious and preventable disease #reiders <user>,1,1,0.6409608800895512,1.0
G3F0D3O7,State health officials push flu vaccinations: The flu has arrived in Maryland and while cases aren't widespread... <url>,0,0,0.05780772492289543,0.6666666666666666
2CL09QXQ,<user> fuuuuck no. I'm so over chair siding. I'm doing blood draws and immunizations on straight outta high school kids all week.,1,1,0.5422935858368874,0.6666666666666666
28V7DAYA,"Considering myself lucky that my pediatrician failed to record my MMR booster back-when, so I had to re-immunize 5 yrs ago at ASU's req.",1,1,0.8690927401185036,1.0
2LRJARHD,1. Can't wait until all the kids start going back to school. 2. Vaccinate your kids people!,1,1,0.997921025584219,1.0
KBOJUMFH,"""<user> People who complain live longer. Releasing tension increases immunity and improves overall health."" BAM we're good <user>",0,0,0.00012577300753946474,1.0
Y3BGWVIL,Get vaccinated boys “<user> 33-y.o. West Hollywood man has died after contracting meningococcal disease <url>,1,1,0.9558593537658453,1.0
JGBDXWQ9,"Talan:
Because of fear of vaccination, we had a measles outbreak…
#ACEP15 <url>",1,1,0.8143027499318123,1.0
V4OQMQZ7,Apparently I can't start school on the first day because I don't have one of the immunizations😂😂😂😂,0,0,0.0643070638179779,1.0
B41RIHPE,. #Australia  To Deny Benefits In Vaccination Refusal | Al Jazeera America <url> #vaccines #health,1,1,0.24538198113441467,0.6666666666666666
KTEJ5D7O,Like the proof you have that illegial immigrants are to blame for the measles epidemic? <user> <user>,0,0,0.020328210666775703,1.0
829547HZ,Old school...seeing kids die of H. Flu disease. New school....vaccine preventable disease. #oldschool #vaccineswork #medicine #improvements,1,1,0.9918685832526535,1.0
XQOQ1HYU,<user> Still no correlation between MMR vaccine &amp; autism <url>,1,1,0.6075842380523682,1.0
DUU4ZLWO,<user> <user> <user> <user> examples of this include Andrew Wakefield and Gilles-Eric Seralini.,0,0,0.05038103461265564,1.0
RK2U3N1W,Disney parks-linked measles outbreak grows to 70 cases <url> via <user>,0,0,0.00177270763379056,1.0
IP1BQHUT,Libtards vaccinate your kids autisum happens measles doesn't have to,1,1,0.998598155885702,0.6666666666666666
AL0BMZDU,So #climate deniers then form conspiracy theory about paper on conspiratorial thinking ... <user> #vaccine #decodingsci,0,0,0.29799350537359715,0.6666666666666666
Y2WUSKVI,MT <user> Slate on Independent's 12 para piece BY Andrew Wakefield during measles outbreak MT <user> <url>,0,0,0.004143504091189243,0.6666666666666666
IWSG02SR,"“<user> On average, people who complain live longer -- Releasing this tension increases immunity and boosts their health.” #immortal",0,0,4.419371748554113e-06,1.0
GKNTK5K4,Looks like I have a legit case of the measles. #botchedspraytan,0,0,0.00041686525491968496,1.0
VA8FGU9M,<user> very likely....although the vaccine didn't exist when we were kids. Docs gave me Zostavax after it was approved in 2006,1,-1,-0.7988629415631294,0.6666666666666666
S1DKKNDO,popularnobodies_  #palaceonsundays #superstarsundays #mmr #mb #mbs #stegmanlife #slothgang @ The Palace <url>,0,0,1.1210670685102286e-06,1.0
ILVZCP3O,<user> I am frightened bcuz govt tells us nothing to fear. yet constantly tell us to get flu vaccination,0,-1,-0.0939149558544159,0.6666666666666666
PG41G8V5,“<user> California health officials say there are 79 confirmed measles cases in the state. <url> that's fantastic,0,0,0.0035177668214601,0.6666666666666666
FZ0ZYLVD,"<user> I see it a lot in fear of science. Medicinal at least. Extreme leftists & Christians are both anti-vaccine, for example.",1,1,0.9354921476915479,1.0
R5Q9SGB2,"<user> and most flu vaccine have small amounts of Mercury, which is bad for you. You can build your immune system by a healthy lifestyle.",-1,-1,-0.8441558629274368,0.6666666666666666
RQIVPZJ2,"5 Things You Need to Know This Morning: Purdue Safety Plan, New Push for Immunizations, IndyCar Returns to IMS,... <url>",0,1,0.500294872559607,1.0
6V2BD68T,"<user> that and with how often she eats and fills diapers, I strongly urge 2-3 months because lack of immunities sick baby is NO FUN",0,0,0.45803471375256777,1.0
QNYGHP38,#OneNiteOneMicOneCity #mixing #mastering #engineer #protools #MMR #BBoyEnt #teamfreepour #hiphop… <url>,0,0,1.1092681688751327e-06,1.0
97C6R84Q,Measles Case Under Investigation in Amador County <url>,0,0,0.0010370866730227135,0.6666666666666666
7BBMQ921,Some Schools Lag in Vaccination Rates: Several New York public schools are struggling to achieve vaccination… <url>,1,0,0.34872347116470337,0.6666666666666666
K2RW3LHJ,Health: Officials Reminding Residents About Dangers Of Not Vaccinating Kids <url>,1,1,0.9047706834971905,1.0
FM2TPJR1,Searching got long-term protection against diseases for which vaccines have failed. <url> <url>,-1,1,0.9414845916908234,0.6666666666666666
4XJ45VKT,North Texas Student Immunization Information: School districts across North Texas will be welcoming students back... <url>,0,0,0.050614928477443755,1.0
26J3UNYV,Why are people getting measles at Disney .....,0,0,0.012302527175052091,1.0
UPWAE5FV,People who have had the meningitis vaccine...did you get sick or have any side effects? I'm scared 😁,0,1,0.34935814142227173,1.0
EUS0VGUF,I'm still very upset about the killing of health workers carrying out vaccination in Kano. It a serious setback!,0,1,0.17369216680526733,0.6666666666666666
BNHCNP1T,Survivor challenge old school style #immunitychallenge,0,0,0.01992266345769167,0.6666666666666666
KFGOBZ4B,"<user> - right in middle of ABC National News story on measles, your quick hit weather snow forecast played.",0,0,0.10619719940586947,1.0
J1WDW0U1,More Marin Kids Immunized After Law Requiring Counseling For Anti-Vaccination Parents Takes Effect <url>,1,1,0.9421666152775288,1.0
ASAJF7TK,"""<user> You have no idea the physical toll that three vasectomies have on a person!""...if they guard against measles, y not",0,0,0.06260072812438011,1.0
3PSZGMMG,"Pakistan was close to eradicating polio, however conspiracy theory re: Americans using vaccines for eugenics decreased uptake. #globalissues",1,1,0.9173696301877499,0.6666666666666666
TGWSFP4G,"Good night, <user>  That was fun, let's do it all again tomorrow. #bowievsprince #mmr #5AMbedtime",0,0,0.0005295936161928694,1.0
4MOB7009,"if you don't vaccinate your kids, youre not allowed to make ""im so afraid of ebola and all its scariness"" comments because youre ridiculous.",1,1,0.9997015960980207,1.0
TI8UO4YU,"took my baby to get his vaccines, it was so heartbreaking. ):",1,1,0.8159178495407104,0.6666666666666666
VGG47D5J,<user> just started today at a health care co that does on site flu immunizations. I am the geek on the computer.,1,1,0.8926418111659586,0.6666666666666666
BNGTZ9MB,“<user> This bitch on sc finna get the measles at disneyland ijus seen sumn that said stay away from disneyland”😂😂😂😂😂😂😂😂😂😂😂,0,0,7.329413131174078e-05,0.6666666666666666
HYUQ0YS7,"EVery PErson That Does NOT Vaccinate their Children.......,,,,,REaD THIs!!!!!!!",1,1,0.9939343994483352,1.0
GOIFCJ8V,"And NO, this Tunnel of Love does not come with Measles, unlike the Tunnel of Love at Disneyland.",0,0,0.0009691284139989875,1.0
EW0BFWUV,"Vaccine horrors: Medical mutilation of children exposed in GRAPHIC photos of ""safe"" vaccines gone horribly wrong <url>",-1,-1,-0.5619403719902039,1.0
X9C8M495,"AM-News : New HIV vaccine candidate raises infection risk: AGAIN, there appears to be no light at the end of the... <url>",-1,0,0.4474939703941345,0.6666666666666666
SB2HQKVH,"“<user> About 1,500 child-care centers in California have measles vaccination rates of 92% or less: <url> -- Wow.",1,0,0.33056694082915783,0.6666666666666666
WGEEXUFA,<user> <user> <user> <user> <user> <user> <user> 13 confirmed vaccinated had measles. Patient 0? CDC?,1,0,-0.027942784130573273,0.6666666666666666
24V6P434,"“<user> Yes, Childhood Vaccines Are Safe. <url>",1,1,0.8454703018069267,1.0
H4NHIJQW,What's sujoy's MMR? Also why is he so quiet #ti4euhub,0,0,-4.774544504471123e-05,1.0
3JMMEG5O,#measles #Spokane #madeleines it was aa employee why can't <url> say that?,0,0,0.00026672641979530454,1.0
071DYIT4,"“<user> ""The benefits of having measles"" RT <user> How is this real? <url> <url> oh, no.",-1,0,0.09086105041205883,0.3333333333333333
T4QSIF3J,<user> Not getting vaccinated and ignoring traffic laws - both endanger the lives and health of others. We only debate one. Why?,1,1,0.8248631283640862,1.0
JWT86LB2,"Well the measles are in Georgia and I never had the shot, bc allergic :-)",0,0,0.023746944963932037,0.6666666666666666
FH61CRPO,"100 red dots on his body like he got the measles.  Blow out your brains where you standin that's where we leave you.

#SQUAAAAADDDD",0,0,0.00034577106634969823,1.0
4IIKQDEI,"MT <user> NYC Is Having a Measles Outbreak. In Other News, *VACCINATE YOUR KIDS!: If you’re under age of... <url>",1,1,0.9991067211667541,0.6666666666666666
EIJHSE4S,Measles Makes a Comeback in U.S. as 222 Cases Reported in 2011 via <user> <url>,0,0,0.033666070201434195,1.0
GS9KETH2,"CDC Now Admitting to Omitting Vaccine Study Data showing 340% Increased risk of Autism <user> #VETOsb277 
 <url>",-1,-1,-0.634770929813385,0.6666666666666666
CR4VCU12,"<user> <user> ""Anti-vaxx propaganda will not appear in the top results for a “measles” search.""",0,0,0.17916081845760345,1.0
NVIB8W6P,#MeaslesOutbreak #measles 14 states confirm measles cases. Is it worse than Ebola scare???,0,0,0.001985228678677231,1.0
8IK3N1P4,"“<user> On average, people who complain live longer -- Releasing this tension increases immunity and boosts their health.” yayyyyyyy",0,0,2.1386179696492036e-05,1.0
7Q010JAK,"“<user> <user> #HealthcareClinic has Prevention &amp; Wellness vaccines, physicals, &amp; health screening/testing” great resource!",1,1,0.9690567534416914,0.6666666666666666
BIJ6J95S,"5-year-old Port Angeles girl caught measles at a clinic where infected man had been: PORT ANGELES, Wash. — The… <url>",0,0,0.00044721893209498376,1.0
0KZIJXB3,"If you're pissed The Patriots won the #SuperBowI, at least take solace in the fact they might catch the measles at Disney Land.",0,0,6.55224288266254e-05,0.6666666666666666
XEJ4XE99,"Measles results (@ Dignity Health Northridge Hospital Medical Center - <user> in Northridge, CA) <url>",0,0,0.2253968606237322,0.6666666666666666
YVEVBQEM,"New Vaccine Requirements For Illinois Students: SPRINGFIELD, Ill. (AP) – Health officials are reminding Illinois... <url>",0,0,0.005318894902302418,0.6666666666666666
WB1WLDHL,<user> <user> I saw 4 kids die of meningitis in my hometown for similar reasons. Vaccinated the whole town and nothing since,1,1,0.25736477971076965,1.0
H3YK3OYI,Health board member refuses to resign following controversial statements on vaccines: Spokane City Council member… <url>,0,0,0.0005928460450377315,0.6666666666666666
VL1CNJ0L,"""At SIS-C slaughterhouses,visibly diseased animals-cattle infected with measles and tapeworms,covered with abscesses-were being slaughtered""",0,0,0.0013567996356869116,1.0
94YII52M,<user> <user> this is me every time I lose a dota game. Rip mmr #doto #dota2 #mmrhell,0,0,0.00011590126177907223,1.0
7LXNDH2T,"<user> had this discussion a lot mainly w ppl who r intent on thinking #vaccine causes #autism, I think diagnosis bc btr #awareness",1,-1,-0.31950730085372925,1.0
8DFBRBZ1,Measles-Hit Santa Monica Day Care Reopens <url>,0,0,0.00024527327695977874,1.0
3331KKTK,Floridians urged to get measles vaccine: The Florida Department of Health says it is working with other state and… <url>,1,1,0.7907468781340867,0.6666666666666666
PQDGNG94,“<user> Help me make <user> spend their money to vaccinate kids around the world for #Blogust - RT this!”,1,1,0.9785750187002122,1.0
Y436SC3J,Arizona Cardiologist Responds to Critics Regarding Measles and Vaccines <url> via <user> <user> <user>,0,0,0.03813070245087147,1.0
Q6SME61M,"Record outbreak of measles in the U.S., CDC says - Anti-vaccine wackadoodles to blame! <url>",0,1,0.5342999547719955,0.6666666666666666
8EWZTFZJ,Vaccination Records for Kids <url>,0,1,0.3205202519893646,0.6666666666666666
QLJUZBJ0,"My father has had all his vaccines, he comes with bare minimum child support checks and u only gotta see him like once a month #adoptplease",0,-1,-0.4950961470603943,1.0
9TPVUVKY,Suspected measles case linked to Paradise Valley school: The principal at Kiva Elementary in Paradise Valley sent… <url>,0,0,0.015325939923059195,1.0
GJ15HKXD,"These vaccines may not have made me autistic, but they've sure made me miserable.",0,-1,-0.8745649605989456,0.6666666666666666
B697KFWI,Lol five babies diagnosed with measles in Chicago. #vaccineswork,1,0,0.03669982441351749,1.0
7184O2F4,170 million children vaccinated against polio in 3 days in India #esriuc - GIS helping complete the process <url>,1,1,0.9811618127860129,1.0
NEDTS49F,You know what's missing from Baz Luhrman's #Gatsby? Lots of children dying of #measles.,0,0,0.017384545761160553,1.0
E6R3E40X,"“<user> Despite impressive gains made, progress towards #measles elimination remains uneven with some populations still unprotected” #health",1,0,0.009526909794658422,0.6666666666666666
24PG35M6,"In another, a Kyrgyz citizen was shot dead by an American soldier who escaped prosecution due to immunity the solider enjoyed @ that base.",0,0,5.91479183640331e-05,1.0
8LUBKMCS,I have to propose a solution to the Measles epidemic. My professor wants creativity and didn't say I had to be ethical or humane... 😏,0,0,-0.014095247723162174,1.0
0W8NBHZQ,<user> parents that do not get their children vaccinated not due to extreme financial hardship should be charged with endangerment.,1,1,0.9589574169367552,1.0
N6OIHOQK,Picked a group topic yesterday 4 community health :vaccines &amp; the nuts who refuse them lol. &amp; bam CNN &amp; Huffington Post does a piece. Score!,1,0,0.03486964851617813,1.0
VQSRM7A8,"<user> <user> Yes Rush, ALL children should get vaccinated! Incl. The white kids of the ""cool &amp; trendy"" antiVAX movement!",1,1,0.9773474792018533,1.0
JOU1L352,#vaccine s are important folks Via <user> Texas Megachurch At Center Of Measles Outbreak <url>,1,1,0.9687501094304025,0.6666666666666666
9MVLSOM1,<user> <user> <user> <user> I've had my measles and typhoid and dysentery shots. #BringIt,1,0,0.17340665683150291,1.0
M4GEDINN,Gov Christy needs to stop practicing medicine without a license whether EBOLA OR MEASLES. what a dumb ass.,0,0,0.14205947518348694,0.6666666666666666
6HJ2O0XE,#SFBayArea: Get yourself vaccinated against measles!,1,1,0.9774511840660125,1.0
AUN6QTW3,Gov. Moonbeam ---&gt; Gov. Measles RT <user> Measles outbreak raises fury over California's vaccine exemptions <url>,0,0,0.038836519699543715,0.6666666666666666
DLS0WVLV,"Man, I can't wait to have my heart broken, it's just like the chicken pox and measles, good to get it out of the way #LonelyLife",0,0,0.01811754373193253,1.0
SZ2MCTKT,<user> Robertson pushes false theory that AIDS came from monkey-based Polio vaccine  <url> aids &amp; cocaine came from #cia,-1,1,0.5695214383304119,0.3333333333333333
V9D94IGN,"Homeland Security employee who helped license animal vaccine is a Sammies finalist: As a child, Michelle Colby... <url>",0,0,0.0918620484881103,1.0
5SKJDH44,"Good. Exempt from vaccines, exempt from school. Period.  ""California Moves to Ban All Vaccination Exemptions"" <url>",1,1,0.581594318151474,0.6666666666666666
UHISBYFW,"MT <user> New #Vaccination Bill Would End Exemptions 4Personal, Religious ... <url> Via <user> <url>",0,0,0.0235806405544281,1.0
SFBVDKRB,HB91 [Passed] An Act To Amend Title 14 Of The Delaware Code Relating To The Public School Enrollees' Immunizatio... <url>,0,0,0.032143522053956985,1.0
TORA1LR9,<user> Columbia Health Department says flu vaccines are in as of yesterday.,1,1,0.8592787235975266,0.6666666666666666
7MDSTQWS,"My kids are gonna be so freaking vaccinated, it's not even funny.",1,1,0.6999455988407135,1.0
YF4FTUOL,Ugh if my teacher pulls me aside ONE more time and asks me to switch to MMR I might just do it. I cannot deal with this peer pressure!!,0,0,0.01978412549942732,1.0
Z8R6YX1G,Just had Aurora's first immunization appointment.  That was the worst.  Poor baby.  :(,1,1,0.8309044418856502,0.6666666666666666
8TXYRM58,"((ELB)) Protect children from misguided parents: I had measles back in 1957, when I was a child. That was before the vaccine against ...",1,1,0.9855322604998946,1.0
D2303W2I,"Glow-with-the-show ears are the best part of Fantasmic. I don't care if you vaccinate your kids, but for the good of society, buy the ears.",0,1,0.9978352926118532,1.0
6RF49BXV,"Improve mood, energy, immunity, cardio health. 15% kit profit <user> thru 11/11 #Sandy #Donate <url>",0,0,-0.02747736789751798,1.0
KE8QM4BF,HB1425 [Enroll] Immunization Records For Temporary Child Care <url>,0,0,0.005431897108792327,0.6666666666666666
VKLIL62M,<user> <user> <user> <user> lazy language meant to mislead. Dare u to say the truth: vaccines do cause harm &amp; death,-1,-1,-0.9233171977102757,1.0
1DQVUN6I,"<user> Well, some parents can't vaccinate bc their kids have compromised immune systems from disease, transplants etc.",0,1,0.6527294367551804,1.0
GA2BE0RI,"""<user> Want MMR to come to your backyard? <url> <url> but don't think my 10x10 yard will work😏",0,0,0.003304729238152504,1.0
0R0F4U06,Number Of Measles Cases &amp; People Getting Vaccinated Growing: NORTH TEXAS (CBS 11 NEWS) – The measles and the... <url>,1,0,0.06804661895148456,0.6666666666666666
ZOVC6YE8,Proposed Bill Would Support Parents Opting Out Of Child Vaccinations: Denver.Democrats say the state already gives… <url>,0,0,0.2641009707003832,0.6666666666666666
V3NK93SW,((ELB)) Combo vaccine causes Autism: My son Elijah who was taken from me out of state by my wife has been diagnosed with Autism likel...,-1,-1,-0.9716994967311621,1.0
ZX2XDH31,"On average, people who complain live longer;Releasing this tension increases immunity and boosts health. And Coach wonders why I complain!",0,0,1.7043321804521838e-05,0.6666666666666666
ELKJCHAK,"Epic convo: 
""Ahh, he's harmless.""
""If you're vaccinated.""",1,1,0.7524814270436764,0.6666666666666666
Z9RDZQMG,"If you're worried abt #infectiousdisease coming to ur community, tell your representative to strengthen wording against #vaccine exemptions.",1,1,0.6024082750082016,0.6666666666666666
7ZSTGZJA,((Cada Dia)) Scientists Lies About Measles Vaccine  Causing Autism: The recent outbreak of measles in the US is arguably the direct r...,1,1,0.830317635089159,1.0
61OAIAOX,“<user> New research demonstrates how safe #vaccines are in #childhood <url>,1,1,0.2391100823879242,1.0
4P3HC0JK,<user> <user> <user> <user> Wow...guess an MMR was never given to Crosby? Is that not standard practice in Canada?,0,0,-0.002046487294137478,1.0
5NY5UVX9,“<user> Today in 1954 kids received first polio vaccine #DrSalk #Innovation #PublicHealth” #Pittsburgh,0,0,0.4110999321565032,1.0
WZN51X1O,<user> *courtesy of #mmr,0,0,0.005815514174173586,1.0
TEBWC9QE,"State budget deal &amp; gas tax hike, Senate immigration reform bill, NFL criminals, Bellingham measles and more next hour on the Morning Show.",0,0,8.800212469850521e-05,1.0
5VG5K96I,.<user> setup sms service in Africa that helped predict measles outbreaks 130x faster &amp; gave 99% of kids their vaccines. #SXSWi,1,1,0.6760923340916634,0.6666666666666666
TWUXJDXV,“<user> Meningitis vaccine to be offered to children aged 14 - 18 <url> Alreadh got it over here England #GetTheVax,1,1,0.7953900583088398,1.0
FVZYVG78,Wow I need two TB tests and a titer for MMR and varicella for the internship.💉 whatever I'm excited!,0,0,0.3157036826014519,0.6666666666666666
WY3NGGZI,These folks against vaccinations for their kids are trying to bring back 'The Iron Lung'. #TBGWT <url>,1,1,0.9966385158477351,1.0
4SQ923GR,I'm a fully vaccinated former baby.,1,1,0.5365467183291912,1.0
QT1PAWK9,<user> <user> #vaccineQs it seems all they have to do is say its against their religious beliefs and schools let them slide!!,1,-1,-0.466882586479187,1.0
J77ENIIE,Thanks to <user> Catch me performing at La Nuit NYC 1134 1st ave. Show starts at 6! #jennifair #mmr… <url>,0,0,0.010966444679070264,1.0
NYCXDJWR,JUST GET YOUR KIDS VACCINATED. IF YOURE ONLY WORRIED ABOUT YOUR KID AND NOT THOSE WHO WILL(or wont for that matter)BE AROUND YOUR KID..,1,1,0.9901439866516739,1.0
GKS7BRGH,"<user> thanks for the measles you dumb cunt, fake tits don't make you a doctor. At least the dead children won't have autism.",1,1,0.5192300453782082,0.6666666666666666
T3KJP8E1,"<user> <user> I don't vaccinate because I don't trust that we need to. Another fear tactic of the ""master narrative.""",-1,1,0.5054403096437454,0.6666666666666666
58ZMK3F6,But for real y'all vaccinate your children,0,1,0.9025598466396332,0.6666666666666666
8EMPMXI9,<url> This is just horrifying. Irish children used as human pigs for vaccine trials! Just awful!,-1,1,0.6319596767425537,1.0
DA6FV8JJ,Medical Examiner: HPV vaccine did not cause death of 12-year-old Waukesha girl: WAUKESHA (WITI) — The Wauksha… <url>,0,-1,-0.22930920124053955,1.0
HLC6AGDR,"Vaccinate your children. Do it.""<user> The Number Of Early Childhood Vaccines Not Linked To Autism <url>",1,1,0.9270991552621126,0.6666666666666666
7S6F6COR,<user> use Ebola as a platform for #Vaccines that parents refuse to give to kids. Vaccines work! The #flu kills thousands a year,1,1,0.8779774829745293,1.0
EHZ9ZXHM,"Up early again today, this time talking about immunization shots on <user> -- There's only one week left til school in Lee County!",0,1,0.9985806353506632,0.6666666666666666
TVMT8YLL,Nothing makes me more enraged than people who refuse to vaccinate their kids out of a made up fear that it causes autism. #GetFucked #Idiots,1,1,0.9633454997092485,1.0
C1OG2TDS,"""Children getting ill after vaccinations"" Shame on him. He is commenting about vaccinations based on rumors. He defy's evidence 4 rumors""",1,1,0.7276517674326897,1.0
AJZHJVS9,"When it comes to the family, IT'S ALL LOVE!!! #WeOnTop #MMR #MeanBoy #MBS #SquadUp <user> <url>",0,0,0.0017345157166346326,1.0
LENUYCR7,Fabricating a story.. MT <user> Should Obama make vaccines mandatory for all children? <user> believes so. <url>,1,1,0.5542880892753601,0.6666666666666666
PXIAUJAL,<user> <user> that ain't good! U can get measles or some shit,0,0,0.006037506420398131,1.0
M9CHS0NR,#MMR Jennifair #NewYork #Chicago #Mixtape <url>,0,0,-2.9587026801891625e-06,1.0
II9MYEMQ,"Not one to get hot headed, but this stuff about people not vaccinating their kids is really making me pissed off 😒",1,1,0.9963489036308601,1.0
2AL5JUM6,"1 to 2 in 1,000 ppl who get measles will die from it. Children under 5 are at higher risk for complications like pneumonia
#10Minutes4Truth",1,1,0.7258986923843622,0.6666666666666666
3WGRINGD,"First measles at FJC , now a bat w rabies ? 
Welp , no more school for me ☕️🐸",0,0,0.001390372504829429,1.0
9XN4C7G1,HB1073 [NEW] Immunity for accepting certain abandoned children. Provides immunity to an emergency medical service... <url>,0,0,0.00041074307409871835,1.0
4S2NEXMQ,"I got a booboo sticker because my inner child was brave 😺
#ouch #flushot #immunization @ California… <url>",1,1,0.7609497830271721,0.6666666666666666
7MZ0NXYT,"My baby girl getting her vaccine,..look at her hand,...calling me to hold her hand. #daddysgirl #ouch… <url>",1,1,0.9704401912167668,1.0
9A1FNP85,Breaking: The entire New England Patriots team contracted measles while at Disney World,0,0,3.3275238621399694e-05,1.0
UK1U91GK,Health District reports 2nd Clark County measles case <url>,0,0,0.0005680626381945331,1.0
V3R6OFEK,"‘Vaxxed’: Vaccination critics take their case to film: From Cover-Up to Catastrophe is the documentary that, ... <url>",-1,0,0.05700192414224148,0.6666666666666666
2GX3B4OI,"Screw you, Gov. Rick Perry! The vaccination of children is a decision that should be left up to parents, not the gov't! #mandatoryHPVvaccine",-1,1,0.6645500659942627,0.6666666666666666
1DDIC02P,"I really think I'm about to cry after getting a shot, stupid health care program vaccines 😭😭",0,1,0.9955439480254427,0.6666666666666666
E8XWIK6X,WHO estimates #vaccines save 2-3 mill kids annually RT <user> 10 reasons we love vaccines: <url> via <user>,1,1,0.9532465357333422,0.6666666666666666
706BR5G5,"Anti-Vaccine Doctor: I Don't Care If My Kids Make Others Gravely Sick (VIDEO): <url> talk about a selfish, ignorant jerk",1,1,0.9954136330634356,1.0
3BYSVISE,Measles Outbreak Highlights Vaccine Debate <url>,1,0,0.030432719737291336,0.6666666666666666
VAF1A5OO,Beer &amp; Beer Accessories madhatterdc #mmr #mikejudge #hankhill #kingofthehill #bobby #boomhauer #bill… <url>,0,0,3.6677477766033917e-06,1.0
RP1GEW4X,#Jennifair  by dannystylez1 and <user> / smoknfaces  #jennifair #mmr photo by TimMogul <url>,0,0,9.514771045360249e-05,1.0
IWZNM66O,"Diseases more dangerous than ebola: (All Airborne), Measles, Sars, Mers, TB, Flu, pneumonia, Whooping Cough. There are also non airborne➡➡",0,1,0.9243555199354887,1.0
QQK9NQ8A,“<user> Measles are back in New York City thanks to anti-vax absurdity <url> Turning back the clock in medicine.,0,1,0.8966320008039474,0.6666666666666666
HDKR9U3N,"Now just 4 countries where #polio transmission has never been stopped: #India, #Nigeria, #Pakistan & #Afghanistan. #Disease #vaccines",1,0,0.056192547082901,0.6666666666666666
5B8M8HTE,#MogulintheMaking #followdatbag djhpnotiq #MMR #FDB 🔥🔥🔥🔥🔥 @ <url> <url>,0,0,7.754242488999807e-06,1.0
3DQ0XA8P,Ebola. The flu kills ten times ebola.  Or measles. Let's focus on gratitude. We are all blessed,0,0,2.8478214517235756e-05,0.6666666666666666
QR4EJKHO,"Disneyland measles cases hit 145, identical to Philippines virus: There are now 119 measles cases confirmed in… <url>",0,0,0.00022599420799451764,1.0
88PM12GK,<user> I added him and everything. He said it's the me mmr,0,0,0.00044058924322598614,1.0
CCW2XUMM,"People believe what they want to believe
When it makes no sense at all - J. Mellencamp - Vaccinate your kids!",1,1,0.999430332420161,1.0
CF02I6JP,"In 2013, #measles killed more kids than car accidents or AIDS <url> #antivax #vaccinateyourkids",1,1,0.9967533531598747,0.6666666666666666
RN0RRKUB,"I start school in 6 days and I don't have my uniform, my books, my immunization record, or a physical",0,-1,-0.20652633905410767,0.6666666666666666
C6IWVY5I,"“<user> ""82 percent say childhood vaccinations should be mandatory for all children” <url> #sb277 #communityimmunity”",1,1,0.783833920955658,1.0
1N935YQK,Soapbox observation for the day: vaccinate yr damn kids and leave Bruce Jenner alone. Don't be stupid and don't be cruel. #growup,1,1,0.9954367710161023,1.0
IIFGERHN,"If I Got The Cold, Flu, H1N1, Black Death, Stomach Virus, Measles/Mumps, Chicken Pox Then You Got It To Because You My Gf We Share Errthang!",0,0,0.009779454907402396,1.0
NEX48ZBO,<user> <user> when #Ebola was a scare... Ppl bemoaned oh a vax. Now when there is 1 to prevent measles u don't... #BogglesMyMind,1,1,0.7726390045136213,0.6666666666666666
THDDVBOF,"Vaccines galore! Yesterday Pru got the polio, MMR, DTaP and varicella vaccines and now she's joining the Big Bang Theory cast. #Autism",1,1,0.6295574456453323,0.6666666666666666
JGSFIGCM,"“<user> #BART says anyone who rode BART in the East Bay last week should see Dr. if any symptoms of #measles: rash, fever, cough” <user>",0,0,0.003057590532989707,0.6666666666666666
AEHUTO40,<user> you are exactly right I don't know what this paranoia is that people have against vaccines they're paranoia is killing children!,1,1,0.5446232557296753,1.0
WCD2AMS3,There shouldn't be a debate. You need to vaccinate your children.,1,1,0.5410300344228745,1.0
S16YUUX4,"How convenient..""<user> CDC Says Ebola Vaccine Only Works on White People <url> <url>",-1,0,-0.20562000200152397,0.6666666666666666
D6O51OX9,. #California #vaccine  legislation spurs legal debate over right to #education <url> #health,0,0,0.036373913288116455,1.0
UC7XDOIR,"😂😩😫“<user> If you don't vaccinate your children, I have the right to spray them in the mouth with Lysol.”",1,1,0.9620363041758537,0.6666666666666666
I2DLGDYC,"LOOK! #HIV #research - MT ""<user> Reevaluating HIV Vaccine Clinical Trials Policy for Infants <url> HT <user>",0,0,0.31689783185720444,0.6666666666666666
BKX19X0G,"Study: No link between vaccine, autism: The vaccine for measles, mumps and rubella doesn't bring an increased risk… <url>",1,1,0.9847052940167487,0.6666666666666666
C2TLBVWS,I realized not only did these beast vaccinate me as a kid but also when I went to GSU I didn't have my papers and they did it 2x! Smh,-1,1,0.618506483733654,0.6666666666666666
28VY8JRG,I feel about this measles thing how idiots felt about Ebola. Baby can't hit 12 mos &amp; get that shot soon enough.,1,0,0.18453267659060657,0.6666666666666666
CUKP4LJH,"#vaccinesNOVA #hearmewell #Vaccineswork &amp; Vaccines are safe - dont fall for misinformation &amp; #pseudoscience
<url>",1,1,0.9992499776853947,1.0
C43T6GNI,"Measles is in Camarillo &amp; everyone's freaking out. Thanks, Disneyland 😒",0,0,0.033674504556984175,1.0
UPWQL9NN,Huh? “<user> The measles outbreak threatens to polarize and weaken the social consensus in favor of vaccination <url>,1,0,0.0046824123710393906,0.6666666666666666
523D4S4U,"Parents PHMC health centers provide well child exams, physicals, and vaccines.",0,1,0.4146852046251297,0.6666666666666666
BDNW95LS,If you are choosing not to vaccinate yourself or family you're a seditious baby killer. #fb,1,1,0.8231739774346352,1.0
GG143OH0,"“<user> It’s not my responsibility to be protecting their child - Dr. Jack Wolfs, vaccine refuser <url> he seems nice",1,1,0.1897672712802887,0.6666666666666666
ACIIKYPN,"<user> ...been wondering, any humans seem to have natural immunity to #Ebola...example, children born to #ebola surviving mothers later?",0,0,-0.06547467038035393,1.0
KQAV0BAB,"A notion we get from novels and plays is that ""falling in love"" is something quite irresistible, something that just happens, like measles.",0,0,0.390516921877861,1.0
LW13BERD,Free Back-to-School Immunizations in Irving and Dallas <url>,1,1,0.9543825871078297,0.6666666666666666
E3ZXRHQJ,Some say this Brooklyn is   biggie? Mogul Presents Franchise Liaison   Problems (Official Video) #MMR <url>,0,0,-2.7943053282797337e-05,1.0
WN9TL6M3,“<user> People who complain live longer. Releasing tension increases immunity and improves overall health.” stuck here foreva😂,0,0,1.1320919384161243e-06,1.0
AELDACS5,"<user> lucky some of us have already had it  ""childhood diseases""   can also affect adults dnt let #measles crp up on u <url>",0,1,0.7205029167234898,0.6666666666666666
ZLI9UXWY,This cough won't go away. I think I got a redneck disease from some Louisville fan that my non-incestuous body has no immunity for.,0,0,0.002206539618782699,1.0
G1CJ54KD,<user> I'm not vaccinating my kids lol,-1,1,0.038919925689697266,1.0
A7668JJW,<user> vaccine scare anyone?,0,0,-0.15778468549251556,0.6666666666666666
RF2PGXJQ,Vaccine critic keeps seat on local regional health board: Vaccine critic Mike Fagan remains a member of the Spokane… <url>,0,1,0.6061248751357198,1.0
M8MJUZBT,"There is a #vaccine against ignorance. It is called Statistics. Available at a college near you, but unfortunately not at many high schools.",1,1,0.9780549998395145,0.6666666666666666
5KSIYX0C,Remember when Jenny McCarthy was relevant? Me neither. Ppl actually die of these diseases so GET YOUR KIDS VACCINATED #vaccineswork,1,1,0.9994160379646928,1.0
6HZ09BUE,An immunity-boosting lunch at my desk to save me from sick children when I get home! @ CROP Juice <url>,0,0,0.005794195574708283,1.0
PHX42097,fucking vaccinate your kids what the fuck,1,1,0.9939853728283197,1.0
GQ4FXL1A,"Vaccine Critics Turn Defensive Over Measles , via <user> #vaccinessavelives <url>",1,1,0.8020405024290085,1.0
G0M8V24G,<user> if people were getting polio like measles we would be in line for vax,1,1,0.7586409011855721,1.0
DNB4FT2I,Measles outbreak in MN <url>,0,0,0.0017278113191423472,0.6666666666666666
GJRG9TTL,".<user> great #vaccine PSA <url> ""Remember that time you got polio? No, you don't""""Get your (bleep) kid vaccinated""",1,1,0.8897891342639923,1.0
QSOD4ZSY,"Ohio Pharmacists Now Allowed To Administer MMR Vaccine: Due to growing measles and mumps outbreaks, the governor... <url>",0,0,0.3698226499836892,0.6666666666666666
KC6NL1G0,"I'm  late bt still time headed 2take the kids2get their flu vaccines,please all let go of the myths,get tht flu vaccine it's killing people",1,1,0.9364824462682009,1.0
N29QXDK2,People who choose not to vaccinate just want to see the whole world burn... Or break out in measles and shit,1,1,0.7987004835158587,0.6666666666666666
YXXDA5HO,This week's #crutchesandspice #blog on the #measles outbreak. #vaccinations #antivaxxers #writer… <url>,0,0,0.001514428138762014,0.6666666666666666
3T3QSWNF,<user> the saddest part is you don't keep your crazy to yourself My son is autistic F-heads like you insult him with your idiocy,1,1,0.1093451976776123,0.6666666666666666
G3EIM78C,A much needed reality check: PBS’ Newest Documentary Will Make You Intelligently Rethink Vaccinations <url> #autism,-1,1,0.23623934388160706,0.3333333333333333
LDJCZZ05,"Think about the hysterical mess we got into over measles, Ebola in the US &amp; the fake ""war on christianity"" and tell me that's not #wagthedog",0,0,0.000431649707024917,1.0
SQCLJZ43,"15mos check up and MMR/chickenpox vaccines. (@ Reading Pediatrics in Wyomissing, PA) <url>",1,1,0.619735729182139,0.6666666666666666
NSB3C7RX,<user> <user> <user> U don't get #autism from choosing 2 not vaccinate!,1,1,0.9158770069479942,0.6666666666666666
5ZS09KKW,Measles will never have anything on good ol ebola... nice try cnn.,-1,0,6.277550710365176e-06,0.3333333333333333
9S6QLKVL,If your kid is vaccinated why do you care? Don't they work so well?,-1,-1,-0.52339668571949,1.0
SH4N4N23,Arguments haven't changed much over the past 213 years. #vaccineswork are safe and effective. <url>,1,0,0.295795941259712,1.0
5YEAU0HT,"<user> So now I am a child abuser? 
My 3 grown children R glad I didn't vaccinate them!",-1,1,0.7871586009860039,1.0
KBS22V6Q,Vaccinate your damn kids or don't fucking have them. Period.,1,1,0.9994940235628746,1.0
E06EWYRU,First Ebola now Measles.,0,0,0.00013058259582976461,1.0
6PFWF2NK,#ConfessYourUnpopularOpinion Vaccinations are not needed and do harm,-1,-1,-0.3087376654148102,1.0
NNN1VCR6,I have a new granddaughter. Get your kids vaccinated.,1,1,0.8998125838115811,1.0
C6BHFLHU,Measles... Cleveland County .... ? 😳😳😳,0,0,0.0027422287757872255,1.0
K5NLTULL,This graph from the CDC on measles infections should scare you: <url> <url> VACCINATE UR DAMN KIDS!!,1,1,0.9922296663280576,1.0
OJWFO3VO,“<user> Kings of Leon concertgoers may have been exposed to measles: <url> all the more reason to avoid Kings of Leon,0,0,0.0003733261073648464,1.0
DPQDD3FZ,Via <user> Australia To Stop Payments To Families Who Refuse Child Vaccinations <url>,0,1,0.9565558088943362,0.6666666666666666
UH3P8RX9,Vaccines only save lives nbd ur kid doesn't need them,1,1,0.9800119586288929,0.6666666666666666
PASCOR76,"<user> Not shocked.  It's horribly bad for you.  Like, not vaccinating your kids for measles.",1,1,0.9881620410014875,0.6666666666666666
4HV971QJ,<user> I guess money can't buy a brain. #vaccineswork #vaccinedenieridiot,1,1,0.7156227044761181,1.0
945WR4OT,"Vaccinate! MT<user> Wise 1986 letter on vaccines from Roald Dahl, who lost daughter Olivia to measles. <url>",1,1,0.9925202447921038,1.0
624M28GZ,MMR dance party at Reed College. It's so normal.,0,0,0.0006196194590302184,1.0
6NT3NDPY,"I took a train to/from Palatine, IL today for an audition in CHI. That's right, Palatine, the city where all the kids with measles are...",0,1,0.709564691176638,0.6666666666666666
JF5MYLN9,<user> <user> <user> jajaja ya no mmr! ;),0,0,0.003516723299981095,1.0
5CS6C999,<user>  biggie? Mogul Presents Franchise Liaison   Problems (Official Video) #MMR <url>,0,0,-3.544149512890726e-05,1.0
SGCZ9053,VACCI-NATION #art #artwork #vaccination #health #activism #recycledpropaganda @ Recycled Propaganda <url>,1,0,0.04133045207709074,0.6666666666666666
A5DKRA0G,Well FUCK YOU Measles and deflated footballs!,0,0,0.0023671863091294654,0.6666666666666666
4K7UCUB2,Measles outbreak reaches Pinal County: A Kearny family with measles visited Disneyland last month. California… <url>,0,0,0.000621295405494493,1.0
U7JD7HFY,The Games About To Change <user> #mmr #dc #dj #dmv #djflyer #downtowndc #dupontcircle… <url>,0,0,8.161429923347896e-05,1.0
R3SFFHSP,i have to. o write a 5-pager on vaccine safety. WTF i know nothing,0,-1,-0.026877880096435547,0.6666666666666666
JN52PV0E,Eating a slice at Arinells in Berkeley. 2 young women talk about how they want kids but won't vaccinate bc of conspiracy bullshit. #fb,1,1,0.5074629634618759,1.0
WMB7R9UP,Two New Measles Cases Reported in Ventura County: A warning has been issued after two more measles cases were… <url>,0,0,0.00035721222934625985,0.6666666666666666
3NDC3GPQ,#measles #disney @ Downtown Disney <url>,0,0,3.274805123965052e-05,1.0
D87LBQF9,Anyone who spends time with your newborn needs a flu and pertussis vaccine! Protect your baby! #prevention #Vaccines,1,1,0.9622846934944391,1.0
6KTFM51Y,I'm still sick fuckn wit #MMR n #GFE 😒 --- I got wrk n 24 mins.,0,0,4.456898795979214e-05,1.0
1QRD278U,<user> oh good lord maybe you have the measles like me. Feel better bby 😭,0,0,0.003705547329445835,1.0
053519TK,Vaccinations are required to enter school &amp; work with the elderly. Clearly this is another way to waste people's money over pointless bs.,-1,1,0.9392005335539579,1.0
XYSSLFWV,"<user> maybe your son is autistic because you did a shitload of drugs in the 90s! Don't blame vaccinations, when it's YOUR fault!",1,1,0.4151245355606079,1.0
OUN9U6ZC,Measles detected in California school with high number of unvaccinated children <url>,0,0,0.38229538314044476,1.0
7M2X5M9F,Santa Monica High School Coach Diagnosed With Measles as Outbreak Continues to Spread <url>,0,0,0.0006114425414125435,1.0
H9D7ZO37,I was given a flu #vaccine and was experiencing complete muscle #fAilure. #storytelling #autism #life #overcoming #AgainstAllOdds,-1,-1,-0.6757668256759644,1.0
49WKZAR5,Mississippi LEADS the US in Childhood Immunizations by <user> <url> Harvard Law Blog,1,0,0.004122201818972826,0.6666666666666666
QB6A0S9C,Maybe if Libitards vaccinated their kids and we didn't let the scum of the earth just walk across the border..measles wouldn't be an issue..,1,1,0.9797460320405662,1.0
DSH5EFVW,<user> <user> and how it crosses the Blood Brain Barrier to cause encephalitis.  Read the ingredients and side effects of Vaccines!,0,-1,-0.9362532235682011,0.6666666666666666
DKSAKL1D,The real reason measles cases spiked in 2014: the Ohio Amish  <url> via <user> <url>,0,0,0.004376502882223576,1.0
67YVZT6F,"#Measles cases in US rise; most unvaccinated, <user> says <url> <user> <user> <user> <user>",0,0,0.15299146622419357,0.6666666666666666
PP00V3JI,Bay Area officials warn BART riders of measles exposure: Contra Costa County public health officials say BART… <url>,0,0,0.0006647753252764232,1.0
WVX8UGZR,"Nurse reports 97.5% of GFPS kids have MMR vaccination, 98.6% have TDAP. #vaccinations #mtnews #gfps",1,1,0.7172328531742096,0.6666666666666666
95X8JKKZ,Idk why this is still an issue guy even said he was wrong later #vaccine4urkid #KidSoSmart #parenting #parentingfails <url>,1,0,-0.06601942330598831,1.0
42X2QT8A,"Health district offering new, 4-strain flu vaccine: With flu season right around the corner, the time to start... <url>",1,0,0.031182608101516962,1.0
CQ8DML45,"Funny how when white ppl get the disease, every doctor is tryin to create the vaccine. Yet Ebola has been around since the 70s&amp; no one cared",0,1,0.0814584493637085,1.0
D53VHUFL,"Parec que fui a japon no mmr, sentimos que vinimos en coche <url>",0,0,6.6357288233120926e-06,1.0
CHR1MRLI,<user> possible measles at Millersville University daughter is a senior there,0,0,0.003790215534536401,1.0
1GJ8U82I,"<user> en lo q aprende español, le voy preparando el ambiente, #MMR",0,0,1.0829388315869437e-05,1.0
PMW31DLQ,"""<user> And Breitbart News goes full vaccine truther. Awesome day, GOP. <url> really? Try reading it #hearthiswell",-1,0,0.02284254878759384,0.6666666666666666
93W9O36A,“<user> Kevin Jon Heller on Accidental &amp; Intentional Killing <url> CIA no combatant immunity to absolve collat damage,0,0,-6.0164105889271013e-05,1.0
8FJLUA0X,<user> do you hate everyone because you were vaccinated as a kid?,-1,1,0.6087978519499302,0.6666666666666666
YJWP1KKZ,"Diane Griffin, Prof <user> --measles very contagious, needs high level of population immunity for control <url>",1,0,0.003353288528160192,1.0
N1LRLCSD,"If vaccines are so dangerous, why are all of the pediatricians on here pro-vax? Where are all of the alleged vaccine injury finders #CDCvax",1,-1,-0.6926913410425186,1.0
R0X568K8,There anything to this rhetoric of the border kids spreading disease? That shit sounds super racist. They have vaccines in Central America.,0,0,0.10170608758926392,0.6666666666666666
GG8MGEM7,<user> RT<user> The refusal to vaccinate one’s own kids is a trait that unites both conservative assholes & liberal assholes,1,1,0.9965445849811658,0.6666666666666666
MRG40RSL,<user>  it would be interesting to know if the measles outbreak started with illegals not vaccinated-good investigation required,1,0,0.45202805241569877,0.6666666666666666
9R4GEJRD,"""<user> #breakingnews Four new flu deaths in North Carolina <url> GET VACCINATED. MY LO did at 6 mos, you can too.",1,1,0.9263928029686213,1.0
ROQZNZNW,I'm about to have a baby and I haven't gotten the HPV vaccine. Not going to either.,-1,0,0.18871890753507614,0.6666666666666666
COWGT76L,Please get your #flushot &amp; get your kids vaccinated!  Keep healthy and show #empathy 4 the immune compromised. <url>,1,1,0.9357679449021816,1.0
BBR46DLR,"<user> no, it's time to make it illegal to avoid vaccination. Child endangerment, public health hazard.",1,1,0.8657534383237362,1.0
HM2TSOJQ,"!!!!! RT <user> Hand-washing could save more lives worldwide than any vaccine, according to a study by the World Health Organization.",-1,0,0.33508218405768275,0.6666666666666666
Q3U4NX0B,"There have been 7 confirmed cases of measles in north texas this year, including 2 active cases now in Tarrant co. <user>",0,0,0.0019993708629044704,1.0
A6KRKOAV,"Hard Truth: My genes are likely the cause of my daughter’s Autism. Not vaccines, not random chance. My lineage. My sensory issues. My genes.",1,-1,-0.9659651517868042,1.0
RA3I14D2,A big thank you on behalf of measles to all the dummies who don't immunize their kids,1,1,0.9711362016387284,0.6666666666666666
TUUJJDOK,<user> a tasty BLT with a side of MMRV vaccine! <url> #autism #vaccines #deadlybitchbabble,0,1,0.5347579717636108,0.6666666666666666
RR5GCEY7,I wanna go to Disneyland but I don't wanna get measles 😭,0,0,0.0023262686959242274,0.6666666666666666
ZWKIYOEI,“<user> H1N1 flu: pregnant women can safely take vaccine <url> #healthnews”,1,1,0.23968076705932617,1.0
BI6U68HW,Hey <user> Health experts say having a flu vaccine is the most effective way from getting the disease. #FluShot <url>,1,0,0.10528461635112762,0.6666666666666666
PKWJSMW9,"<user> <user> my question is if vaccines work and kids are immune, how are measles a threat? Seems a contradiction.",0,-1,-0.7895019724965096,0.6666666666666666
BNZEGYLA,Seventh measles case diagnosed in Washington: A Whatcom County man was diagnosed with measles after visiting a… <url>,0,0,4.629950439039021e-05,1.0
Q395QKW5,Colorado kindergartners have lowest measles vaccination rate: Colorado kindergartners have the lowest vaccine rates… <url>,0,0,0.09829861856997013,1.0
3SZD73DG,“<user> Doctor House and the truth about vaccinations - <url> one of my favorite House moments.,1,1,0.003006070852279663,1.0
HOP3FAUL,Statue honoring smallpox eradication at WHO. Let's work together to do the same for polio &amp; measles #AAPGlobal <url>,1,0,0.09508771426044405,0.6666666666666666
7YY4RT28,Measles Outbreak Expands Into San Bernardino County <url>,0,0,0.0003081086309748571,1.0
PNX57E59,"<user> let's use Ebola as a step to say #vaccineswork #flu is just as, if not more dangerous. It kills thousands. Also #MMR #polio",1,1,0.903302263468504,0.6666666666666666
L5S8Q13U,"Love lookin at everyone else's progress on mmr, gives me motivation #mmr",0,0,0.025986781809478998,1.0
H9CSEGDD,parents have to fear sending their children to school because they might catch the fucking measles and die - it's a joke right?,1,1,0.8137208996340632,0.6666666666666666
8KXQQ0D0,adbecks killin it presenting our measles work at #eeid2016 poster session @ Cornell University <url>,0,0,0.001882140139969124,0.6666666666666666
TN7ZYE4A,10 day vaccinations #check (@ Passport Health) <url>,1,1,0.9446987854316831,1.0
DJXR75H7,What's with all these hockey players getting mumps?! Aren't we supposed to get vaccines as a child to counteract getting those?! #MMRshots,1,1,0.9686594288796186,0.6666666666666666
KB10XXEC,<user> MMR would blow DVE and XDX out of the water.,0,0,0.0003081270551774651,1.0
7Z82FKJB,"Measles are at an all-time high in the US for the first time in the 20 years. Get your kids vaccinated, yo. #ItWillNotCauseAutism",1,1,0.9170940495096147,1.0
Z1NS0KXO,"Measles? Psssh, that shit is played. I'm on that Rubella tip",0,0,0.23455766402184963,1.0
DLFMACKH,via <user> How A Claim That A Childhood #Vaccine Prevents Leukemia Went Too Far <url>,-1,1,0.9619690217077732,0.3333333333333333
QHAQXRI9,Thoughts on World #Autism Awareness Day from a father and scientist <url> via <user> #vaccines,0,-1,-0.3678350895643234,1.0
7CZGRR15,"H1N1 vaccine has caused serious reactions, yet is included in all flu vaccines. Baby Owen's story: ""Bad luck, mom."" <url>",-1,1,0.40890583395957947,1.0
ILBR73KX,<user> that's why I always carry a raincoat...sometimes a measles umbrella just won't cut it. Hope everything works out,0,0,0.0400202888995409,0.6666666666666666
SN2XDDIP,"So people can be stubborn, and don't get their children vaccinated… #Creating their own zombies",1,1,0.7472634948790073,1.0
4Y2XPEHH,<user> thank u for this post... so many still believe autism is caused by vaccines  :-),1,-1,-0.0700969398021698,1.0
QCLOPLBC,RT <user> Breastmilk - A child's first vaccine: Mother's in Ghana learn lifesaving techniques: <url>,0,1,0.6232651323080063,0.6666666666666666
C39F3IT3,<user> Jenny what is your opinion of everyone calling for kids to get the Measles vaccine? I'm torn about this.,0,1,0.94786177854985,0.6666666666666666
IV6RW8D8,<user> Health care centers across Boston will be offering free vaccines to anyone who hasn’t yet been immunized: <url>,1,1,0.9421963859349489,0.6666666666666666
6YJYR0GQ,"Celebrities that don't vaccinate their newborns, and preach the ""conservative"" lifestyle, need to be bitch-slapped. #badrolemodels",1,1,0.9981582983164117,0.6666666666666666
Y4SCI93Y,<user> idiots don't vax their kids then wonder why measles become epidemic at Disneyland. #idiots,1,1,0.9949312950484455,1.0
Q1EOJDGD,<user> WHAT OF THE HUMAN DEMOCRAT VIRUSES? WHAT VACCINE IS AVAILABLE FOR THE UNCURABLE DISEASES OF DELUSION AND STUPIDITY,0,1,0.8703885525465012,1.0
WREFXFBN,<user> <user> <user> Thank All The Liberals 4 NOT IMMUNIZING THEIR KIDS. FEAR OF UNKNOWN VS IMMUNIZATION?  Immunize Ur Kids,1,1,0.9986541396501707,1.0
AON17ATX,"<user> Here my new ringtone.  Pass it on....

Vaccinate Your Kids - Mitch Benn: <url>",1,1,0.9897126252762973,1.0
NBBY86FX,In other news I've gone up like 1000 mmr,0,0,0.0003163596957165282,1.0
2N6Z4BTY,To think about: some parents here not wanting to vaccinate their kids &amp; kids in other countries dying from these same diseases. #irony,1,1,0.9439597893506289,1.0
N9ZMIKWG,"I'll most def be filling out the ""Personal/Religious Exemption"" section of this immunization form to avoid getting a shot. Who wouldn't? 😬💉🚫",-1,0,0.16121061146259308,0.6666666666666666
P4EZMBFJ,How The Measles Virus Became A Master of Contagion <url> via <user> <url>,0,0,0.0014372033765539527,1.0
K4RLNUCA,U.S. to begin safety-testing Ebola vaccine next week: Federal researchers next week will start testing humans... <url>,1,0,0.002962204162031412,0.6666666666666666
JXT9P4UP,"Benefits of music ya'll: 
- Stress relief 
- boost immunity 
- reduce heart disease 
- enhances emotional strength 
- boost self esteem!",0,0,-0.00019850715762004256,1.0
LF0BH9FI,House bill would make schools post vaccination rates to websites: A Democratic lawmaker wants to require Arizona… <url>,0,0,0.0019826412753900513,0.6666666666666666
BXQVU52M,"Immunity Smoothie! Kefir, fresh turmeric, pineapple, maca powder, ground flaxseed, and baby carrots.… <url>",0,0,-3.0096947739366442e-05,0.6666666666666666
I2NU86I1,<user> should have entrusted the cure to The Courier.  #TheCourierMovie #measles,0,0,0.0025255559594370425,1.0
PF09KXFX,<user> <user> Are you willing to sacrifice your own children's lives for others to not get the measles?,1,1,0.9517902305815369,0.6666666666666666
JQK89IX0,"There's also a serious side effect for not vaccinating your kid. It's called polio, measles, mumps, and rubella.",1,1,0.9935966639604885,1.0
YP1ZJ195,“<user> What you need to know about the measles outbreak: <url>,0,0,0.016768491128459573,1.0
X50ZFPIK,<user> in California we have school forms that put PMDs b/t endorsing somthng we don't believe in or losing Pts #vaccinessavelives,0,0,0.12300267070531845,0.6666666666666666
FOP5BYEM,10-Valent Pneumococcal Vaccine Highly Effective in Infants and Toddlers. <url>,1,1,0.6880613155663013,1.0
AQ1628V7,"FOR ALL THAT IT'S WORTH, I am pro-science and pro-vaccination. I do not believe in the Easter Bunny or most conspiracy theories.",1,1,0.7312257587909698,1.0
7JBQ8S5U,#900 tweets leggo bout to go on a midnight mountain run #mmr <user>,0,0,9.182422490994213e-05,1.0
W800D144,"If you don't vaccinate your children from preventable diseases, for whatever reason, you're a danger to us all. <url> #Fail",1,1,0.9979517358879093,1.0
MSOYMXWW,Thimerosal (mercury) and MMR stole my son. They KNEW. They LIED. #CDCwhistleblower #vaccinesNOVA #ObamaSpeech <url>,-1,-1,-0.999096543964697,0.6666666666666666
DJFUWDXS,This whole measles thing is ridiculous. Vaccinate your damn kids.,1,1,0.9858588557690382,1.0
UTF4OZPY,Friday night Astro #WeAreAE #b6nation #reedypowered #jconcepts @ MMR <url>,0,0,9.352721065170044e-06,1.0
ON5S11AK,Why isn't the news talking about how measles were wiped out AND THEN CAME BACK cuz dumbass ppl don't vaccinate their kids,1,1,0.36121153831481934,0.6666666666666666
L1UDODHW,Possible measles exposure in Bellingham: BELLINGHAM — The Whatcom County Health Department has been notified that... <url>,0,0,0.14368234865833074,1.0
H7SD88YM,"<user> <user> <user> Rose, u may want to check this out! <user> #measles #science #MedicalIndustrialComplex",0,1,0.5859407298266888,1.0
YQHMPQMM,Health Officials Confirm 11th Measles Case in Cook County: Cook County Health Officials on Wednesday confirmed an… <url>,0,0,0.0006393085914169205,0.6666666666666666
N7OFZXLO,Immunization for the child (@ Hoag Health Center) <url>,1,1,0.8882811814546585,1.0
PSON2KBR,"<user> <user> <user> <user> 
If you don't vaccinate your children, home school them.",1,1,0.9847865006886423,1.0
OE9K3W6X,<user> #wake up America #measles epid another attempt by the liberal media creating a story that is not there. Unvaccinated Alien,-1,0,0.048750439658761024,0.6666666666666666
L6J2IFN4,Sick Child’s Father Seeks Vaccination Requirement in California - <url> – via <user> <url>,1,1,0.5400126650929451,1.0
MI7XIH17,"Eugenics and Vaccinations Campaigns are wars aimed @ killing God's Chosen PEOPLE, which are Brown, Red, Black and Yellow Peoples.",0,-1,-0.42203907668590546,0.6666666666666666
W8BCZD1H,“<user> Your vagina has the measles.” get outta there,0,0,0.0006714812573136442,1.0
299COBVF,<user> good article as always. The vaccine story is ridiculous. It even states encephalitis leads to autism which is false,1,1,0.8795154765248299,1.0
BINEBYZ7,Flu Vaccine Prevented 6.6 Million Illnesses Last Season: CDC <url>,1,1,0.9188141115009785,1.0
OVJDKNFJ,"I just love going to the doctors, i think it's better than Disney. Then again, they both have measles #SarcasticTweet #ICouldBeAtHome",0,0,0.0017034220181812998,1.0
V1Q0GWCG,SB5 [Enroll] Schools; providing immunity from liability for education employees for use of reasonable force. <url>,0,0,1.1844222058243759e-05,1.0
D616Y9OO,Government Shutdown Stops CDC Flu Monitoring: FORT WORTH (CBS 11 NEWS) - Routine warnings to get a flu vaccine... <url>,0,0,-0.12515730410814285,0.6666666666666666
JAVB3NEQ,"RT <user> Lies about vaccinations kill people. If you treat anti-vaccination people as credible, you are helping kill people.",1,1,0.9741334244608879,1.0
40MX3BP9,<user> vaccinations have mercury or formaldehyde in the formula as preservatives. Does that make sense? <url>,-1,-1,-0.9775719786994159,1.0
HYK7W3S6,HB1622 [Complete] Firearms; authorizing the carrying of handguns onto private school property; providing immunity... <url>,0,0,3.6796609947487013e-05,1.0
AAJ0UIQT,"<user> #JuiceBOOST  Mental, Spiritual &amp; Emotional health🔸Weight loss &amp;sleep better🔸Hair, nails &amp; skin🔸Immunity &amp; Energy🌞",0,0,-3.426284820307046e-05,1.0
FMICWH6T,"Next year whoever stars in ""measles: the movie"" is a lock for best actor/actress #AcademyAwards",0,0,0.004613130102370633,1.0
SI61ZDKP,A Look at the Most Important Immunizations for Children <url>,1,1,0.8405030285939574,0.6666666666666666
41URLZBO,“<user> HB's going to give us measles” <user> <user> <user>,0,0,0.03155239822808653,1.0
E3WT59OR,"you want the freedom to not vaccinate your kids? tough shit. you want to maintain an arsenal of automatic weapons? again, that's too bad",1,1,0.9721924108453095,1.0
2AX9LC8G,<user> <user> Just protecting my kids and everyone else who can't join the herd. #vaccineswork,1,1,0.9996575654804474,1.0
YG8KLIDT,My only theory on why this whole anti-vaccination shit is happening is natural selection. It has to be. There's no other biological answer,1,-1,-0.58733269572258,1.0
F1D9E0AU,"“<user> According to the CDC, this year's #flu vaccine is only 23% effective. <url> <user> NOT GETTING ONE 😷",-1,-1,-0.5787141844630241,1.0
SVK48MG3,<user> saw your interview w/Dan Barton. Here's a list of ingredients in vaccines: <url>,0,0,0.133492574095726,1.0
5UIMWY4K,"AMERICANS, We make a big issue about a vaccine, we do not take about how the disease got here, do nothing to stop it from reoccurring again.",0,1,0.6155205816030502,0.6666666666666666
RUAQAKD9,"<user> saturday mt eden childish gambino the vaccines zeds dead group love we were promised jet packs keep Shelly in athens &lt;3 ,",0,0,0.14073655009269714,1.0
KBMOEF3G,CDC And State Health Officials Confirm Suspected Case Of Measles At Princeton University: Princeton University says… <url>,0,0,6.639302341682196e-05,1.0
P9SWC8XS,Law and Order SVU S10 E19 the case with the measles aired in 2009 here it is 2015 and we're living it,0,0,0.00046210328764573205,1.0
XCSBU4QD,"Glad I'm not home right now, since there's a measles outbreak less than 15 mins away from my house. 😳 #disneyland #MeaslesOutbreak",0,0,0.03794876916799694,0.6666666666666666
W8YASNL1,"<user> That is a major #catch22 I would still vaccinate though to at least be on the safe side, seeing as you work in a hospital",1,1,0.9979618354445847,1.0
URJFARJX,LA County Offers Free Hepatitis A Vaccines: The Los Angeles County Department of Public Health was offering free... <url>,1,1,0.7640153029933572,0.6666666666666666
IY10ZK51,Measles and the Super Bowl arrive in AZ. Guess which one I'm here to cover. <url>,0,0,0.0018515850970288739,0.6666666666666666
1RP0D1KO,"So now we have govt. mandated vaccinations, health care, no right to control private business, no right to privacy, free speech, no borders",-1,1,0.36987754702568054,0.6666666666666666
JVREY85O,"14th case of measles confirmed in Illinois: PALATINE, Ill. — One more measles case has been linked to a day care… <url>",0,0,0.004791195533471182,1.0
OOT30WQY,you guys were prolific saboteurs for almost 5 decades though. Measles anyone?age 9 across oceans? #Barbara #Walters  <user>,0,0,0.005115442210808396,1.0
POKTC9VG,CDC: Lots of adults not getting vaccinations: Since a series of measles outbreaks recently captured the nation's… <url>,0,0,0.4457253757864237,0.6666666666666666
EW6760R8,"#ChildAbuse, <user> RT <user> ▶ 7.1 Percent Of Marin County Families Have Refused To Give Their Children Vaccines: <url>",0,1,0.4471251219511032,0.6666666666666666
HBQV587J,"California schools have been advised to close Thursday 29, 2015 due to measles outbreak.check to see your school <url>",0,0,0.22002147865714505,1.0
8EA99Y66,Measles outbreak in Texas; Parents urged to vaccinate their children: Most reported cases of the highly... <url>,1,1,0.6621966399252415,0.6666666666666666
ZTZH87OR,Immunization Records (@ Childrens Doctors) <url>,0,1,0.400050051510334,1.0
H04AQY1T,“<user> Who tf gives hickies like this?!!!! All the way up to eye Haha #SMH <url> that looks like measles,0,0,0.09240189660340548,1.0
E4ZKUZYD,"""You went to Disneyland? Did you get your measles vaccination?!""",1,1,0.7933220313861966,0.6666666666666666
97NN2PSK,Make Vaccines Mandatory to Attend California Schools <url> <user>,1,1,0.5320971664041281,1.0
IFBGV42A,#blackbox very unlikely cause of  autism. The immunization no longer contain mercury,1,-1,-0.3931490480899811,1.0
3HCH8UQQ,"60 years ago this month, 2-million-child study <user> found polio #vaccine ""safe, potent, and effective:"" <url> #history",1,1,0.8134336620569229,1.0
JMNLR8RA,Measles Outbreak Traced Back To A Single Unvaccinated Child | <url>,1,0,0.24056989327073097,0.6666666666666666
A2N4U0PI,How are the roads this bad still? Indy snow removal clears snow as well as vaccines autismed Jenny Mccarthy's kid.,0,0,0.20773763209581375,0.6666666666666666
GYTMUZ74,"When parents protect their children from vaccines, it's called 'kidnapping;' when hospitals kidnap children to...  <url>",0,1,0.9832712300121784,0.6666666666666666
GPZY5S4R,"Despite measles outbreak, hundreds in Gallatin County opt out of vaccines <url> #bdcnews",0,0,0.0038444960955530405,0.6666666666666666
N9705HIU,"<user> Thanks 4 #following us, MMR!",0,0,0.003675798390759155,1.0
4P5B2ZQM,Starting marching band tomorrow! Should be a great and exciting year! #MMR #UTEP,0,0,0.03923949247109704,1.0
TS1WMWHU,.<user> There is a conversation to be had. When Jenny McCarthy talks on social she influences parents vaccinating children. #HealthBCDE,0,0,0.34636714309453964,0.6666666666666666
SCYWF4OV,"<user> vaccines cause SIDS, Autism, Fluoride causes Down Syndrome, LBJ'S hit man MARSHAL'S finger print matches pinky on Oswalds rifle",-1,-1,-0.8214310929179192,0.6666666666666666
FLG7P2LD,Josh Sharfstein: Vaccine policy should be made by states. Federal government serves as safety net for public health #Measles2015  <user>,1,0,0.0024570180103182793,0.6666666666666666
337VLJ72,Working out hard doesn't grant you immunity from the harmful things that you put into your body.… <url>,0,-1,-0.4951951950788498,1.0
6OAQZHCL,"<user> <user> <user> #roadto25 - also, still no <user> Smh. He coulda been 5k MMR by now... <url>",0,0,0.0001767715311871143,1.0
B4Y4ECG7,A work of art next to a work of art 😍 The beautiful ritamonroe ladies and gentlemen #smoknfaces #mmr… <url>,0,0,0.0009611500081518898,1.0
Z379FYQV,Flu shot myths addressed by CDC: (CNN) — Flu vaccine myths can confuse people trying to decide whether to get a... <url>,0,-1,-0.8657670207321644,0.6666666666666666
F8LDAS44,<user> Ebola isn't scary. Kids who aren't vaccinated are. lol I mean you can ask the Aztecs what happens if you're immunocompromised,1,1,0.9835563767701387,0.6666666666666666
B2U4KTZ2,Kinda loving (in a weird way) this measles outbreak because I just really don't like Disneyland,0,0,0.011698492497089319,1.0
EDDAD9OB,"Killed by measles: A heart-wrenching story of the last Michigan death, 11-year-old Tammy Bowman: In 1990, when… <url>",0,0,0.4090487230569124,1.0
Q67GPF4H,<user> yea those bats are babies carriers. Scares me to death. My dogs if course are vaccinated but still.,1,1,0.7363400980830193,0.6666666666666666
09B6SF4U,how come i can refuse to vaccinate my child but not my dog?,0,1,0.5940792113542557,1.0
YHFHVCZ9,"i have the measles and the mumps. a gash, a rash and purple bumps!",0,0,9.226276779372711e-05,1.0
LD7P8Z63,And just how does a “#Christian” church define “outsider?” I thought Jesus welcomed all! #religion #Measles,0,0,0.08995381090790033,1.0
CM2MDE75,It's kind of intense watching <user> #VaccineWar with a baby. #HerdImmunity,0,1,0.8648796242196113,1.0
YLNHICY1,<user> <user> there is a vaccine for shingles--Zostavax. Still may get shingles but risk is cut in half &amp; if you do symptoms less,1,1,0.34477177262306213,0.6666666666666666
BV8C23JH,Ugh vaccinate your children PLEASE.,1,1,0.9957300481037237,1.0
D8TVG1ST,Facts RT <user> Yup  RT <user> Lol RT <user> All these vaccines trigger diseases later on trust me,-1,-1,-0.47043487429618835,1.0
6YL4DIUZ,Being responsible with my travel and flu vaccines. (@ MSU Olin Health Center) [pic]: <url>,1,0,0.18239626288414001,1.0
91IUKY59,So please vaccinate your kids.,1,1,0.9896758436225355,1.0
FW2WNO71,Dept of Health animal health fair. Free vaccinations til 11:30 today 5/5. (@ Walter C. Pierce Community Park) <url>,1,1,0.9848281764425337,1.0
XDS81KTL,A Letter from Joni Ernst About Measles <url> #WhenPigFarmersFly,1,0,0.001086489510271349,0.6666666666666666
1WBQGP7K,RT <user> POLL: Do You Vaccinate Your Children? <url>,0,1,0.76192731782794,1.0
R68G1VQI,"Great study out about measles vaccine. What say anti-vaxxers now??
<url> <url>",1,1,0.5074444189667702,1.0
SEU18NJL,Getting vaccinated for Asia! Hope I don't get autism.. Oh wait.. That's not a thing. <url>,1,1,0.9923915979452431,1.0
X75B5XCM,"Also, thanks Jay for the cap space. Now vaccinate your kids.",1,1,0.9068757484201342,1.0
995YO91Z,The #HPV vaccine could prevent 80-90% of all cervical cancer cases linked to HPV - it's time to pass H.3204 and protect our children,1,1,0.8941792882978916,1.0
X8O98BRZ,<user> got some 🔥🔥🔥 Wait til you guys hear what we're cooking!!! #jennifair #mmr #somage <user> <url>,0,0,0.0001492554824835679,1.0
PIJO47YZ,"<user> <user> : I did too, but all my children have had the vaccine and they are all older than Damian",1,-1,-0.15813356637954712,1.0
R2OCLBEP,<user> <user> Get out in front on Measles message - the problem isn't Am kids not being vaccinated it's the illegals bringing it in!!,0,1,0.9716020678170025,1.0
G8DBJET8,CDC recommends 16 vaccines for kids. Their best defense against diseases that can kill children! #ncga #ncpol,1,1,0.8683123178780079,1.0
II5IDT3W,<user> why are you so concerned with employer health insurance covering women's birth control and not other things like Viagra and vaccines,1,1,0.4012881964445114,1.0
0I4OZ19J,"ACIP Updates Guidelines for Preventing Measles, Mumps, and Rubella. <url>",0,0,0.05408909451216459,0.6666666666666666
WM0KL3V9,Sharing <user> with the Model UN Club at Los Osos High School #vaccineswork,1,1,0.5039216816076078,0.6666666666666666
CT28MA7K,"“<user> “<user> Sen. Rand Paul supports ""voluntary"" vaccinations: <url> <url> Measles, much?",-1,1,0.8427649736404419,0.6666666666666666
YKOM5V75,"RT <user> While some scaremonger vaccines, they helped lower children under 5 mortality rate by 12,000 a day. <url>",1,-1,-0.8353732526302338,0.6666666666666666
YHC922GA,"""<user> Epidemiologist #CDCwhistleblower confirms new review showing vaccine autism link <url> <user>",-1,-1,-0.9950551228830591,0.6666666666666666
75OWTOON,S/O to <user> for showing love and sharing the videos! #MMR,0,0,0.0037303535573300906,1.0
PFXK2EJ0,"<user> <user> <user> When I contracted measles at 5, had a fever of 105+, my parents had to use ice water to stop it",0,0,0.013907973596360534,1.0
C4RK17S6,"""<user> #CDC tells healthy adults not to forget flu vaccine
<url> <url> <user>",1,1,0.2991025000810623,0.6666666666666666
XOPL097S,v a c c i n e s 💉 💪✅ #lastshots #vaccines #auch #africa #happy #awesomeness @ Passport Health LA <url>,1,1,0.8346163891255856,1.0
IVGU16IW,I'm at the County Health office waiting for Yellow Fever vaccination. Looking forward to #taborwichita Bolivia,1,1,0.706021970603615,1.0
VSJFTCS9,"“<user> Anti-vaccination hysteria, based on lies, led to predictable outcome: disease outbreak. <url> hippies",1,1,0.9772168584167957,1.0
2GWIBOSF,"I mean, seriously, pumpkins, 100 tea lights, two bonfires, jiffy pop, and so much love! #MMR

oh, and the cops came. #pepper",0,0,5.332729460860719e-05,1.0
U6CG8VJL,"<user> <user> Whatever.  IMHO #vaccines R useless &amp; suspect in rise of asthma,allergies,autoimmune disease,MS,autism, diabetes",-1,-1,-0.6391671150922775,1.0
TD39AVPR,"""<user> “<user> I just want to go to Disneyland man” *Measeland"" I'm down to get measles is that's what it takes",0,0,0.01644344268424902,1.0
451MWPD6,<user> ‘Legal’ #Kidnapping By The State To Cover Up #Vaccine Injuries | <url> <url>  #parenting,-1,-1,-0.43329671025276184,0.6666666666666666
NJLA0X40,"Competition today 🙌 Last time performing on this field , of course I'm going out w/ a bang &amp; superior 🏆 MMR finna take home EVERYTHING!!!!",0,0,0.0004953412749273411,1.0
9LKLMD7J,<user> That used to be me. The sharp rise in autism doesn't align with drop in # of vaccinated. I ruled out vaccine/autism theory.,1,-1,-0.3014554977416992,1.0
GBWKYZPL,Warning to Hoosiers after person with measles travels through airport: INDIANAPOLIS — Hundreds of Hoosiers were... <url>,0,0,0.0003251140356042015,1.0
7QIM284K,"Bravo to the PA legislators sponsoring the bill to remove ""philosophical"" as a recognized exemption for not vaccinating your kids 👍👍👍",1,1,0.9236802758387057,0.6666666666666666
6FJ9CGIW,The Indiana State Department of Health has issued some immunization changes for the 2014-15... <url> <user>,0,0,0.15962544945068657,1.0
V78POAZQ,Possibility of getting Measles if you went to Disneyland in December? Well fuck? Lol,0,0,0.0036125308834016323,1.0
BJDLGI61,"Fewer Michigan children get immunizations, report shows: — The latest U.S. Centers for Disease Control and... <url>",0,0,0.17473522224463522,1.0
CWUNFS3X,He wants immunity and he wants it NOW #Scandal,0,0,-0.00014418219507206231,1.0
6U71PDIU,<user> Agree w/ immunizing.Work in hospital &amp; see first hand. Want kids 2 build natural immunity? Let them play in dirt &amp; eat a bug.,1,0,0.3803811063989997,1.0
0DGQBE1L,Critics blast ABC after naming McCarthy co-host of The View: Her opinions on childhood vaccinations that have... <url>,0,1,0.9074358511716127,0.6666666666666666
0CW8T1AU,Purchased health insurance and it's not cheap. Went to get a tdap vaccination and low and behold. Not covered.,1,1,0.9167518801987171,0.6666666666666666
G5VU5E3K,#Ebola It's not healthful to live in #Fear It's healthful to improve your #immunity and Live Confidently #Probiotics <url>,0,0,0.03488307911902666,1.0
4P8VVUGW,aren't measles parties like chicken pox parties??? why are ppl intentionally making their children sick????????,0,1,0.3201174736022949,0.6666666666666666
JQGXNSHN,<user> Can you summarize your opinions/research regarding vaccines and autism (pdd) for me?  I have a few theories of my own.,0,1,0.5946647748351097,1.0
W2YPKKRY,“<user> <user> do you know anyone who has Ebola or the Measles?” 😂,0,0,0.0003530904359649867,1.0
7GMFOQGY,"Vaccinate, people! “<user> All 15 Tarrant County #measles cases and five in Denton Co traced to megachurch <url>",1,0,0.39784838119521737,0.6666666666666666
EIHH1QTF,"Great, now there's an outbreak of #measles going around.. Reminds me to stay on top of my kids vaccinations. So scary..",1,1,0.8162324745208025,0.6666666666666666
LN3SKR8J,"Amid measles outbreak, some physicians opting to drop patients with anti-vaccine views <url>",-1,1,0.697955371811986,0.3333333333333333
DEONNI87,I guess health services will have a line out the door for all of the chicken pox immunizations that ARENT NEEDED,-1,1,0.6707584522664547,0.6666666666666666
FM1EAYAE,If You Want Me You Can Find Me In VA... #mmr #clarendon #photoshop #dj #va #dmv #instaVA #mixmasterrod… <url>,0,0,5.8788943988474784e-06,1.0
HWU62513,Back 2 School #cold #germ #sick #season Protect your kids &amp; yourself #immunity #boosters #shaklee <url>,0,1,0.7245774399489164,0.6666666666666666
HW3YZVAD,Shout out to the MMR Preston & Steve black listnas! (@ Burbon Blue) <url>,0,0,6.723439673805842e-05,1.0
W4VAQIFH,Today's asinine comment RT <user> you can't convince me the disneyland measles outbreak isn't somehow attributable to corey perry.,0,1,0.5091556678526103,1.0
6D3OIPOM,Autism is not caused by vaccinations. If you believe that you are a very ignorant person,1,1,0.23786211013793945,1.0
Z3OLV8UI,<user> both sides are stupid and both are at fault and vaccines give you autism,-1,1,0.7797830626368523,0.6666666666666666
BE2C90J6,"“On average, people who complain live longer -- Releasing this tension increases immunity and boosts their health.” I'm gonna live forever",0,0,9.321070319856517e-05,1.0
339P2WMK,"I know this may come as a shock, but a new study places blame for Disneyland measles outbreak on anti-vaxers <url>",1,1,0.7719284603372216,0.6666666666666666
O4JANZLA,Lunch time! #MMR #UTEP @ Fox Fine Arts <url>,0,0,0.0007228833164845128,1.0
YAIWEFQI,<user> but have you covered (the politics of) childhood vaccines? Amazing the point we've reached there..too,0,1,0.5946343392133713,0.6666666666666666
AR4JQDQI,...Come Music Stay For The Booze madhatterdc #mmr #top40 #edm #remix #live #like4likes #listentothis… <url>,0,0,2.5375377390446374e-06,1.0
C2T7II41,"The Daily Word: AIDS vaccine, #TSA pats down baby, Nazi guard - <url> | by <user> #abq #nm #food #BinLaden",0,0,0.012918345630168915,1.0
8ZJYRW4T,RT <user> #Dallas CDC Recommending Boys Be Vaccinated Against HPV <url>,1,1,0.5260716080665588,1.0
W6B82NZJ,Road to Platinum has come to a full stop. My MMR is too low. Such a sad day.,0,0,0.017788146622478962,1.0
W7VP743U,<user> if it was around like 3:10 ishh then ya that was mmr,0,0,0.0026437018386786804,1.0
LH1W2JEY,"<user> either had measles or vaccine. I'd had German measles but mom couldn't remember, so I had antibody test &amp; did show up.",1,0,0.0014467353466898203,0.6666666666666666
027GNB7V,"Before her immunization this kiddo asked me ""how many calories are in that shot?"" Seriously? What ever happened to a carefree childhood?",1,1,0.9350308068096638,1.0
0ZZRXTI5,#MeaslesOutbreak #measles #SuperBowlXLIX Will Super Bowl at Arizona catalyze the spread of measles???,0,0,0.00045014491843176074,1.0
T75U7XTS,"Since 1989, nearly 4,000 cases of #vaccine injury compensated by U.S. Fed Gov, totaling nearly $3 billion <url>",-1,-1,-0.9312439355999231,0.6666666666666666
OGZQLVZ0,<user> I thought you were for not vaccinating kids for a second. I'm seriously losing my mind over these people,1,1,0.9614120833575726,1.0
58I102GY,"<user> <user> yea, because measles is so awesome.  Cancer, too.",0,0,0.023302291752770543,0.6666666666666666
J9V3YC07,“<user> On average people who complain live longer Releasing tension increases immunity and boosts health” Wassup bitches Gon liv 4ever!,0,0,2.0127672087255633e-05,1.0
8FHQX543,like no one gets measles,0,0,0.2213501613587141,1.0
KNQQ0DZY,"#pharmaceutical Vaccine Pharmaceutical Sales Representative - InventivHealth -  Houston, TX  <url>",0,0,0.0533609613776207,0.6666666666666666
UGGTSDZT,"Measles at CSULB? Okay, great.",0,0,0.002086906068143435,1.0
J94KPVN4,ZERO legit med reason not 2 #vaccinate yr kids; wrong 4 them &amp; any1 they're in contact w/ <user> <url> <user>,1,1,0.8876230642199516,1.0
1IZMRNTO,State signs emergency order to allow pharmacists to give measles-mumps vaccine: Licensed pharmacists can now... <url>,0,0,0.29069627821445465,0.6666666666666666
O7ML7EUD,So great to meet <user> and feel her amazing energy for children and families! #vaccineswork #protectthefuture <url>,1,1,0.990888265077956,0.6666666666666666
LOIWR9C3,Learning about Vaccine &amp; Medicine safety network for screening exposures in pregnancy #CDCGrandRounds #FriendsNCBDDD <url>,1,0,-0.2597315385937691,1.0
FMO0X8UT,MMR Magazine's Piano of the Year (4 in a row) now here in Mahogany Polish! Check it out! (@ Jim's Pianos) [pic]: <url>,0,0,0.006114448769949377,1.0
1HXQI3OC,“<user> Megachurch leaders under scrutiny after measles outbreak sickens members: <url> -SS” <user> <user>,1,0,0.03893308946862817,0.6666666666666666
2QUGX019,"OH: ""My kids had vaccines and THEY'RE not retarded."" Oh lady. So many reasons I'm not engaging here.",-1,-1,-0.715031310915947,0.6666666666666666
UE6CQAXL,Amazing all the Republican pro choice  measles vaccine supporters...next up your choice 2 use car seats. #MeaslesOutbreak <user>,1,1,0.9081601239740849,0.6666666666666666
5NVGPWM1,"I hope everyone will be getting the Flu shot! It has 4 diff vaccines, the most common this flu season, this year they're expecting deaths..",1,1,0.9683029064908624,1.0
6MXGGSBW,Measles is roughly 3 to 4 times more contagious than Ebola. Let's keep this in perspective <user>,0,0,0.01663361409737263,0.6666666666666666
AYZEFZBR,No one had died of measles in the US since 2005. When was the last unarmed black man killed police? PROTEST THAT!,0,0,0.00015287194401025772,1.0
ERL3HFEQ,<user> measles girl,0,0,0.0007060405878291931,1.0
4Q5OF3J6,SB1911 [Update] Public health; requiring county health departments to offer immunizations to certain persons. Ef... <url>,0,0,0.16570205538300797,0.6666666666666666
HGK3V729,Study reveals toxic level of aluminum #vaccines #autism <url>,-1,-1,-0.988554013427347,0.6666666666666666
WN5NJ6VY,Getting my MMR :\,1,0,0.00841091584879905,1.0
FVYOX54W,Researching immunizations for a research paper. One article says they cause permanent death..... good example of a bad source. #uhhduh,1,-1,-0.47635143995285034,1.0
P656E41N,"If you don't vaccinate your kids, you're an idiot and I judge you so hard.",1,1,0.9989897157647647,1.0
3ZWQEP29,"Illinois measles outbreak cost health departments $150,000: The recent measles outbreak in Cook County cost state… <url>",0,0,0.004627874842753954,1.0
8LAR13PK,Dr. Ward of the CDC tells us 50% of infants do not receive a birth dose of the hepatitis B vaccine.  Left of dr. koh <url>,1,-1,-0.13623401522636414,0.6666666666666666
OGHHELLE,"<user> VACCINE INJURY IS REAL.  STOP BEING A SHEEPLE
#CDCwhistleblower",-1,-1,-0.9980030054575764,1.0
L2OF97GS,"“<user> RT  Parents are you ok with someone vaccinating your kids w/o u knowing?  Watch this. 
<url>",-1,1,0.9990628538871533,0.6666666666666666
HYGY8IIJ,More Measles Cases Expected In Tarrant County: FORT WORTH (<url> – As North Texas parents get... <url>,0,0,0.0012640139566428843,1.0
ZDBKRLDZ,AIDS N : Large HIV vaccine trial to launch in South Africa: The US National Institutes of Health (NIH) and partners… <url>,0,0,0.14132039103424177,0.6666666666666666
X66YZ3Z5,"Baby is so tired from his vaccines! Ugh, I hate it when my pets don't feel well. 🙈 <url>",1,1,0.972550705075264,0.6666666666666666
260TCNJO,This is my vaccine-injured daughter: Lost in all of the recent stories about a spike in measles cases are many... <url>,-1,-1,-0.9512856677174568,0.6666666666666666
F1GYYVU2,UMF madhatterdc #mmr #edmlife #edm #ultra2014 #ragedc #ravethefvckup #selfie #eatsleepraverepeat… <url>,0,0,1.2990069251372915e-06,1.0
MHNOHVAI,Oh yea and that Doctor who linked autism and vaccines? He got his medical licenses revoked for fudging evidence.,1,1,0.8385483771562576,0.6666666666666666
9I04K697,Cat out of Bag! Measles Outbreak Chicago Suburb  <url>,0,0,0.002782380826829467,1.0
NILFDC3F,"“<user> A leading CDC official says it's ""possibility"" that vaccines rarely trigger autism <url>",-1,-1,-0.9346402436494827,0.6666666666666666
BR7DH65Z,Let's review:  School boards know more than parents and doctors know more than school boards.  #vaccinationdebate #LosAngeles,0,1,0.4943382181227207,0.6666666666666666
GFUKJLQU,"Got the whooping cough vaccine, told husband he needed one too to prevent baby from getting it. His response #GigEm <url>",0,1,0.7134106606245041,0.6666666666666666
RQBS7W8X,"<user> “<user> DYK, #WIC referrals= 32% higher childhood immunization rates?  <url> <url>",0,0,0.3032946791499853,0.6666666666666666
5R6ZV7DJ,"<user> If vaccination prevents a contagion or the welfare of a child, it should be a law.",1,1,0.8340085707604885,1.0
N62BDAGN,From a record low of 34 cases in 2004 to &gt;644 in 2014. Endemic measles ain’t bean bag.,0,0,0.005477407343278173,0.6666666666666666
K6IBVFSI,Stupidity is killing Common Sense. We need to find a vaccine.,0,1,0.10403567552566528,0.6666666666666666
EDKEAV1S,I wish kids' vaccinations came in the form of a chocolate chip cookie or bowl of ice cream.,1,0,0.17204168438911438,0.6666666666666666
F2QL0G04,"DOH Confirms 25 Cases Of Measles In NYC, Including 3 On LES: The Health Department has now confirmed 25 cases of... <url>",0,0,0.0946542585734278,1.0
FB1WH2HJ,"Welcome 2 CA where you can have an abortion, but not decline a vaccine, if you do, NO School! #WeAreNotGoingAway <user> <user>",-1,1,0.03670206665992737,1.0
PO2CHSK3,Let's help vaccinate children in need! I ran 2.060 <user> to help <user> #EveryMileMatters,1,1,0.9953403393737972,0.6666666666666666
44ZFJ0SM,Say what?! RT“<user> Wondering how you caught the flu? CDC says this year's flu vaccine is only 23 percent effective: <url>,-1,0,-0.062392331659793854,0.6666666666666666
KK8LVLJA,Madison Martin Margiela for H&amp;M long dress- size 6- REDDZ price $50 #mmr #maisonmartinmargiela… <url>,0,0,0.0003558140570021351,1.0
6XLP521G,Health Officials: Lab Test Results Negative For Measles In Potential Case In Delaware And Philadelphia Counties:… <url>,0,0,8.333891082656919e-05,1.0
VZTVBXMK,<user> we are on the same page not all vaccines are bad. But adults I believe have less tolerance being a nurse. My kids were given vac,1,1,0.9283016845583916,0.6666666666666666
GVYX41JA,Measles takes a political turn as lawmakers wade into vaccine debate via <user>,0,-1,-0.5280319824814796,0.6666666666666666
6GPIJOD2,"Can we please mount a campaign to have idiots who refuse to vaccinate their kids cited for child abuse and endangering a minor, at least?",1,1,0.9981338590150699,1.0
P5HGAVH6,Vaccinated measles patients are not good in transmitting the disease when compared to unvaccinated.  #idweek2014,1,1,0.5378225147724152,0.6666666666666666
5UBE3XOU,The fact that people are choosing not to vaccinate their children angers me to no end.,1,1,0.6756314784288406,1.0
9B8XIIDM,"MT <user> One thing we are most certain of, the #measles vaccine is safe and very effective. <url> <url>",1,1,0.9492634851485491,1.0
OOK4GE9M,I hope u get the Measles.,0,0,0.00716422104233061,1.0
AZM9EKG5,<user> <user> I just hope <user> doesn't miss games when his kid gets the measles,0,0,0.14806802716339007,0.6666666666666666
53FMM3C5,Omaha Jackrabbit 2014 #nebraska #gravel #mmr #teamdundee @ Herman Park <url>,0,0,7.798318435447982e-06,1.0
04JF1OZF,"<user> <user> <user> <user> Not true! We have 100,000 kids who have never had 1 vaccine!  Study them!",-1,1,0.944393640384078,0.6666666666666666
WX06P11T,Thete is a measles  outbreak in several states after an amish family went to Philippines during an outbreak there.,1,0,0.0009740710847836453,0.6666666666666666
B291ZPIL,<user> <user> Puke...just puke! You ought to be ashamed of yourself! Do you think the elite vaccinate? Its Autism Day you puke!,-1,1,0.959224309772253,0.6666666666666666
9IFMM254,CVS caught lying about risks of high-dose flu vaccines pushed onto senior citizens with aggressive 'bribery' schemes <url>,-1,0,0.2490561604499817,0.6666666666666666
E757A1EQ,know what's dumb: a disease thought to be eradicated in the US came back cuz rich white people wont vaccinate their kids. Good work idiots.,1,1,0.9865229376591742,1.0
TAHGXKXF,<user> Estamos vacunados contra muchas cosas pero aún así hay que ponerse refuerzos de ciertas vacunas. Recientemente me puse la MMR.,0,0,2.3349788534687832e-05,1.0
GIGS057L,<user> <user> there was no such thing as a chicken pox vaccine when we were kids! I had it like a man! (Or a 5 year old boy),0,1,0.8527150861918926,0.6666666666666666
VH36C8H6,“<user> Congratulations to Larry Cohan and David Carney on  recent vaccine injury settlement! <url> <user>,-1,0,0.04005124419927597,0.6666666666666666
LEX5BYIS,"👍""<user> Doctor to parents: Vaccinate your kids or GTFO <url> <url>",1,1,0.9467829335480928,1.0
2Q1QH6JI,Autism & Vaccines... <url>,-1,-1,-0.2956039011478424,1.0
4G4NC6OM,The <user> comes out hard against #AntiVaxxer movement: <url> #measles #MeaslesOutbreak <url> #SB49,1,1,0.6971221640706062,1.0
22LXE6HT,So ironic that the greek meaning of the word pharmaceutical is poison 😲😐 seriously thinking about opting out of immunizations for my kids,-1,1,0.4577479138970375,0.6666666666666666
WYP7D3N2,Here's to hoping none of us contracted measles! 10-14 days until we're in the clear! <user> <user> 😷💉💊 <url>,0,1,0.7324940785765648,0.6666666666666666
UPJ1VEXE,<user> And there is in fact an overwhelming medical consensus that MMR does not cause autism.,1,-1,-0.21305245161056519,1.0
ZGBV8Q6F,"“<user> The average cost to fully vaccinate a child with private insurance is $2,192 ” having your kid survive childhood: priceless",1,1,0.8610405325889587,1.0
LRJF3MI1,"With all the parents fearing measles &amp; unvaccinated population, I feel this should be a #HealthIT call-to-action. Thoughts? #PublicHealth",1,1,0.743336908519268,1.0
3TVKOS7H,S405 [NEW] Provides immunity from liability for certain recreational activities and from injuries caused by acts ... <url>,0,0,-1.9766957848332822e-07,1.0
2TRCI5Z4,Scott Brown Rents Out Email List To Anti-Vaccine Conspiracy Theorist - <url>,-1,1,0.7386051751673222,0.3333333333333333
3GVVXT22,<user> MEASLES OUTBREAK BC IGNORANT PARENTS REFUSE VAX FOR KIDS: ACTION IS REQD FOR CDC 2 NOT ALLOW ANY CHILD  WO VAC 2 ATTEND.,1,1,0.9957300620153546,1.0
DDN0AN2H,"in shauna's world, molasses &amp; measles are the same thing. oh. <user>",0,0,0.000186824189768231,1.0
MP8DJQMW,RT <user> The frightening consequences of the #GOP's proposed cuts to the CDC's immunization funding <url>,1,0,0.010768082924187183,1.0
H41IU86V,<user> we also have this one!! <url> Focused on 2 mothers both trying to vaccinate their kids.,1,1,0.8201652243733406,1.0
SYERC8AQ,"""<user> ZERO U.S. Measles Deaths in 10 Years, but Over 100 Measles #Vaccine Deaths Reported: <url>",0,0,0.28814391302876174,0.6666666666666666
3UQ3D3S1,To the parent of an unvaccinated child who exposed my at-risk kids to measles <url> via <user> <user>,1,1,0.5043215751647949,1.0
6E23NCDO,Health: Local Researchers Developing MERS Virus Vaccine: By Stephanie StahlPHILADELPHIA (CBS) – Researchers in... <url>,0,0,-0.00035612680949270725,0.6666666666666666
8DCF83WI,Stop being seduced by people and things that are poison. Vaccinate your spirit so you are not moved by their presence.,0,1,0.9044073261320591,0.6666666666666666
MEJ7X4QK,It makes me so angry that some parents refuse to vaccinate their children from diseases,1,1,0.9444643259048462,1.0
2A4SF4K7,"<user> <user> Waldorf schools are notorious for their low vaccination rates. We won't set foot in one, even for public hearings.",1,1,0.8504697233438492,1.0
3YW6DMOG,Lack of full-time #schoolnurses a factor in  recent measles outbreak. <url> School nurses also reduce number of exemptions,1,1,0.8374992744065821,1.0
31X12NZ4,"""<user> Vaccinosis and Autism are the same thing #CDCwhistleblower <url> #hearthiswell",-1,-1,-0.9973900394979864,1.0
GS3AO107,<user> I hope you had an MMR booster recently.... Enjoy the house of mouse! #thefuzzycuffs I'd like to see a movie tomorrow.,1,1,0.9463509516790509,0.6666666666666666
GLS147U8,<user> <user> <user> <user> <user> DeWayne is a #vaccine profiteer?,0,0,0.010475091636180878,0.6666666666666666
I5J42X3X,Can we blame the Amish for measles?,0,0,0.004995230119675398,0.6666666666666666
Q60RWEDV,CNN: Mom: Family that refused vaccination put my baby in quarantine <url>,1,1,0.4918501228094101,0.6666666666666666
W2S4D9KN,Balto didn't run to Alaska for you to not vaccinate your kids,1,1,0.8313769083470106,1.0
YAH676B3,<user> <user> Couldn't Ms. Lerner be offered immunity and therefore not need to take the 5th in the interest of truth?,0,0,-8.67997259774711e-05,1.0
NH3YCR4A,"""MMR Meets  Bliss""  
ThurSday AUGUST 20
#Ladiesfree until 11 
<user> 
<user> 
#Hot97… <url>",0,0,0.07875294424593449,1.0
RPKLJ8TA,Italian court rules mercury and aluminum in vaccines cause autism: US media continues total blackout of medical truth <url>,-1,-1,-0.5468685515224934,0.6666666666666666
3R479UNJ,"DONE. I did a 30 minute presentation in Spanish about measles vaccinations. Now, I can do anything.",1,0,0.07885838113725185,0.6666666666666666
JS5KVA4G,"Area hospital erects tent to isolate, screen possible measles patient: A hospital in Port Angeles has erected a… <url>",0,0,0.0011506351875141263,1.0
8DCRSEBV,Yordani no me habla pero brecha ese mmr smh -_- tu va ver,0,0,3.902339230421603e-06,1.0
XYV23DK8,"Juss gott news that my stanky butt gott measles , bless his heart",0,0,0.002447053269861499,1.0
MJNGKTU2,<user> That's it!!!! I found out I seizured when I got my MMR. Maybe that's why I'm so screwed up. :),0,0,0.000911220908164978,0.6666666666666666
9KEJSB7Q,Measles reported near Boston <url>,1,0,6.285481492795952e-05,1.0
YGY0896F,<user> <user> may I suggest not to do so before our ability to vaccinate or somehow make our troops immune to the horrid disease,1,-1,-0.9697226053103805,0.6666666666666666
Y3E1OFUC,<user> ... Rand Paul: Vaccinated Children Got 'Profound Mental Disorders' - <url>,-1,1,0.8296543434262276,0.6666666666666666
N43FBVVA,Drip drip #mmr #madhatterdc #dc #midtown #dupontcircle #prideweek #mixmasterrod #live #dj #photoshop… <url>,0,0,4.384101828236453e-07,0.6666666666666666
CDMFX7O1,<user> We have been finding over the last 5 years that it is this combination of Head/Neck Injury & Vaccines=worst case scenario of ASD,0,-1,-0.3361377567052841,0.6666666666666666
CZWNJARY,People who freak out about #GMOs fall in the same cohort who think #vaccines will harm your child and airliners make #chemtrails.,1,-1,-0.10891342163085938,0.6666666666666666
G9N9AMPC,"<user> Anti-vaccination parents risk everybody's lives not just their own. I rarely call for behavior to be criminalized, but that does it.",1,1,0.9610493974760175,1.0
G0R64CWV,"Coming home from ""vacation"" with somewhere around 63 bug bites. I look like I have measles or chicken pox
 Or something like that.",0,0,0.00015304153748729732,1.0
FFML6BB2,The latest from health officials on measles concerns in NoVa <user> <user> <url>,0,0,0.008501219563186169,1.0
FH8D57VG,All #BlackParents should go see #Vaxxed. #CDC covered up study linking #BlackBoys to #Austism via #MMR shot. <url>,-1,1,0.3019082695245743,1.0
4VCQO97L,<user> <user> Not going to be very heroic if all their parents refuse vaccination for their poor children. This is sad.,0,1,0.9922556793317199,0.6666666666666666
Y21OU1QR,"Next on 12 Monkeys, Cole goes back in time to stop a false study being published that links autism to vaccinations.",1,1,0.8322670757770538,0.6666666666666666
JL51Y4ZD,Congressman: Measles outbreak may be caused by ‘illegal aliens’ <url> <url>,0,0,0.00022392098617274314,1.0
020KFS9W,"The measles kill!
Vaccinate! It's just not about your children, it's about ALL the children! #vaccineswork <url>",1,1,0.9991070186370052,1.0
VDE6O08F,<user> <user> ppl do ur job Most Muslims don't vaccinate their kids and they travel abroad <url>,0,1,0.8813658244907856,0.6666666666666666
E5MAKGV0,Health and wellness fair today. Free immunizations and Health screaming. Till 2:00 PM. (@ Manchester Center) [pic]: <url>,0,1,0.9838458710728446,0.6666666666666666
87WRDCT3,Come Feel The Love <user> #mmr #urkel #carl #eddie #stefanurkel #90s #tgif #familymatters #mypet… <url>,0,0,1.7378009317781107e-05,1.0
TE40NOVB,<user> <user> I'm a proponent of identifying those at risk not  blindly mandating vaccing everyone regardless of risk,0,-1,-0.1777934432029724,0.6666666666666666
I8IJP3SI,"Issues that don't have two valid sides: vaccines, spanking children, evolution, climate change, Charmin Bears",1,0,-0.02357935532927513,0.6666666666666666
2P3OHV1G,If you don't vaccinate your kids you are a unfit for parenting,1,1,0.9943911680020392,1.0
L7RHLPLD,"When you take your child to kindergarten, you need PROOF that your child has had their immuizations for measles, hepatitis, varicella.",1,1,0.9162141028791666,0.6666666666666666
6QR8MWYM,"<user> would be a tragedy tho. I don't even like thinking of that hypothetical situation. ""A patient comes in with measles"" ""oh shit""",0,0,0.0014770476773264818,1.0
2LGVOESB,<user> My mom had measles as child b4 vaccine was available.Watched her friend end up in a wheelchair b/c of polio.This is idiotic,1,1,0.9720477340742946,1.0
UHZLQDPF,----&gt;RT <user> ! ==&gt; “<user> AIDS vaccine created at Oregon Health &amp; Science (cont) <url>,0,1,0.9640290518873371,0.6666666666666666
Y1NXZI8X,"Hepatitis A linked to frozen berries from Costco, vaccine available today at clinics: Local health officials... <url>",1,1,0.7512424581218511,0.6666666666666666
AU8IZLIG,Tarrant County still on the lookout for measles cases <url>,0,0,0.00012077364908691379,1.0
ESNMXZ55,"Let's get this straight, first it was ISIS, then it was Ebola, then back to ISIS, and now ... Measles? Fake ISIS threats? Yep. Fear. Fear.",0,1,0.30423101782798767,1.0
L0BOCIN9,<user> and a poorly educated populous makes stupid decisions like not vaccinating their kids and voting against their interests,1,1,0.9461769429035485,1.0
069IDJ9D,<user> this is my son pre vaccine injury. #CDCwhisleblower #potentiallost <url>,-1,-1,-0.99878556728072,0.6666666666666666
269UPV11,"SB550 [Update] In child protective services, further providing for definitions, for immunity from liability, for ... <url>",0,0,7.312396337511018e-05,1.0
JEV7X8CA,REALLY RT <user> Experts: Measles vaccine has no link to autism <url>,1,1,0.1811484396457672,1.0
3JKU81QO,"Top Pinoy doctor suggests stepping up health reqts for travelers. RT ""Philippines suspected as source of US measles <url>",1,0,0.22631804505363107,0.6666666666666666
DSL487R3,Children should not be getting the measles when there is an effective vaccine to prevent the contraction &amp; spreading of the disease. Idiots,1,1,0.9833690295927227,1.0
MGI8EA3I,What a bunch of stupid assholes “<user> Vaccine Critics Turn Defensive Over Measles <url>,1,1,0.9893419954460114,1.0
5BQTC5UC,[O!]x[O!]~~~💥MMR <user> 🔊🔊🔊 #dc  #dj #serato #like #live #goodmusic #mixmasterrod #follow… <url>,0,0,1.809648165362887e-05,1.0
U0I141SE,"((Silvito El Libre)) The next face of measles?: ""I am a healthy bouncing baby boy and I could be the next face of measles. I am to yo...",0,1,0.9916536253876984,1.0
F8RFDMIX,So true. Antivaxxers are putting all of our kids at risk. #vaccineswork <url>,1,1,0.997728711576201,1.0
YT3P3HJ4,"And if yeen a big baller Iain even tryna holla, ima take yo lil measles dollars and walk off like a model!💃",0,0,0.0003065331029574736,1.0
5YUBKZVA,Checked off the list: drive over The MMR! #LiveITRoadtrip (@ The Mighty Mississippi River) <url>,0,0,0.000467775906145107,1.0
0F7A71K7,<user> not in my kid. #vaccinate,1,1,0.6153484880924225,0.6666666666666666
ESDLRR9L,Dear Troll anti vaxers PLZ save yourself trouble. Do not engage me wit ur BS non scientific LUNACY. This isn't AB GOV u fools! #measles,1,1,0.998170797698549,1.0
U60ULVSX,"There is a link bet'w vaccines &amp; autism like there is a link bet'w the Iraq War &amp; success.
<url>",1,1,0.14203187823295593,0.6666666666666666
O7YGH609,<user> read the before and after stats on measles and vaccinations (1948 baseline). Alarming. I guess things change when you have kids.,1,-1,-0.07137936353683472,1.0
K1IHXYC0,"<user> hmm...an insurance co, health community and a unmemorable actor against vaccines. Wonder which one had to go!",0,1,0.6957125961780548,0.6666666666666666
WSMOFWFX,<user> <user> a vaccine is just a weakened agent of that disease so that your immune system can learn to fight it. Your body,1,-1,-0.4914761930704117,1.0
2ROTNG2K,Lol I always joke about it but I think charity work grants you immunity like I cursed in front of my mom but its ok I did event for the kids,0,0,1.534350440124399e-05,1.0
BXPMFVMI,For Rand Paul to say vaccinating your children could cause mental illness is ridiculous.,1,1,0.9987309353600722,1.0
Z21L0AXO,"Sergio's tee shot was so left it was arguing with people about wether people should vaccinate their kids. You're welcome, <user>",0,1,0.9988928173261229,0.6666666666666666
1NL2HOZ8,"""The American academy of pediatrics is urging parents to vaccinate their children."" <user> #vaccinations #VaccinateYourKids",1,1,0.9992440630521742,1.0
JCA3LEFI,"“<user> RT <user> My mom supports Rand Paul and now I have measles. #CantStandRand
#UniteBlue <url>",0,1,0.9392124395817518,0.6666666666666666
Q2140FZ8,vaccinations for Peru! 😬 (@ Dean Health Care) <url>,1,1,0.9305389579385519,0.6666666666666666
FFJQ2Q4N,<user> So the expenditure of money is comparable to a capital crime? Doesn't RFK Jr have some vaccine lies to spread or something?,-1,0,0.012308035045862198,0.3333333333333333
FPHSSDLM,<user> I dont believe in medical science vaccines are on the rise killing these generations,-1,1,0.32451310753822327,1.0
R0BQD0BE,"Going to school with +50,000 people means lots of flu spreading around this season 😷 #vaccinatedontprocrastinate #UT",0,0,0.06278634548652917,0.6666666666666666
R77IPOW2,<user> that's because there's no link between vaccines and autism!,1,1,0.8060853183269501,1.0
23F4RGWO,<user> The 3 studies show that the risk of GBS is much higher with true influenza than after a vaccine.,1,1,0.0012885630130767822,1.0
IVMXD9WX,CDC just recommended all people w/diabetes (grownups!) receive hepatitis B vaccine: 1.usa.gov/uwZ0H3 ...Wow this has been a long time coming,1,1,0.9689642740413547,1.0
FZD03AQG,"Parents who choose not to immunize their kids are dumb as hell in my opinion, risking your own kid and others, deserve to be slapped",1,1,0.9996810875745723,1.0
JCOCSHFB,Measles outbreak in AZ monitored locally: Health workers in Colorado are monitoring developments in Arizona after… <url>,0,0,0.03584881452843547,0.6666666666666666
OPY7E225,Can't believe my baby <user>  got the measles from disney land😓 hope she gets better soon! #prayformybaby #fuckdisneyland,0,0,0.00425662609632127,1.0
PKY3MK70,<user> I want a mmr pants,0,0,0.005571053494350053,1.0
39L91MUE,measles broke out at palisades not going there no time soon,0,0,0.006317200168268755,1.0
OXMS74UB,“<user> 7 Most Disgusting Ingredients Used to Make #Vaccines #health #pediatrics #kids #prolife <url> <user>,1,-1,-0.7109360322356224,0.6666666666666666
1SXFEBIH,"AIDS N : New Vulnerable HIV Target Could Lead the Way to a Vaccine: hospital medicine, infectious disease, HIV,… <url>",1,0,0.344290591776371,1.0
3WS4IOEO,Measles cases at highest rate in 20 years due to decrease in vaccination rate. <url>,1,0,-0.015712574124336243,0.6666666666666666
1IK8BN7T,Death threats made to office of state vaccine bill author: Death threats made to office of state vaccine bill… <url>,0,1,0.6501083001494408,1.0
LFDUELMW,"If you think anthropogenic climate change isn't happening, the earth is &lt;10,000 yrs old, or that vaccines cause autism, you are anti-science",1,1,0.8245609626173973,0.6666666666666666
5V1JT52H,Vaccines work! Get your flu shot with your pharmacist! Make sure you have your measles vaccine! #SB49 #vaccineswork #VaccinateYourKids,1,1,0.9984272005967796,1.0
DKOEF4CQ,"Pretty depressing news day today, train crash, plane crash, burning a man alive and measles. Phew",0,0,5.0936537718371255e-05,1.0
LSW9QKJA,"""<user> <user> CEO says #measles outbreak not hurting attendance <url> <url>",0,0,0.2305076476186514,1.0
OW0G8TKD,"<user> <user> Yuppers, she is 16 and no matter how much data you put in front of me I will vaccinate my child, I value her life!",1,-1,-0.11686971783638,1.0
E80YNWAS,problem w/ almost eradicating measles in 2 generations is we've got people who don't know how awful the disease is and it's still here.,1,0,0.29135264619253576,1.0
Q3SOF7AJ,Nothing like killing ourselves w/ our own fear MT<user> Vaccine fears have fueled the resurgence of preventable diseases.,1,1,0.9580577537417412,0.6666666666666666
8AA8RHJN,"I believe that if you don't vaccinate your kid, doctors shouldn't have to treat them if they get polio or some other dangerous disease.",1,1,0.9959796104812995,1.0
5TM7O1OP,Omg why would parents not vaccinate their kids....,1,1,0.7084016799926758,1.0
1Q5Y605G,"Also, I discovered that all of the 300+ children at his school are fully vaccinated. Benefits of being on a medical campus! :)",1,1,0.9064611829817295,1.0
GJFK725V,Yay #NY for requiring children to be vaccinated before attending public school.  Wishing #vt would follow suit.,1,1,0.9406874249689281,1.0
WXSWB8S5,"Another study shows no link b/w MMR vax &amp; autism: ""it is a psychological problem; it is not a data problem""  <url>",1,1,0.8050792142748833,1.0
SF1L1QLH,<user> <user> Parents who do not have their kids vaccinated should be arrested for child abuse.,1,1,0.9388567442074418,1.0
72WCKV5Z,"WARNING: A baby with measles was in public places, prompting a warning from local health officials. <url>",0,0,0.037053388527056086,0.6666666666666666
Y8PQ0BT7,So nervous... The baby's getting vaccines... (at <user> Clinic Southwest) <url>,1,1,0.944848814047873,0.6666666666666666
WA0KRCZ3,Roald Dahl's Heartbreaking Take on Vaccines #vaccine #medicine #health <url>,0,1,0.7400516867637634,0.6666666666666666
MSP6T4TX,“<user> Ex-Christie Aides Seek Immunity in Deal for Bridge Scandal Documents <url> #dontgodownwiththeship,0,0,-1.9117438228022365e-06,1.0
YUQNP594,"""<user> more people have adverse reactions to aspirin than the #measles vaccine. #VaccinateYourKids <url>",1,1,0.9966537951986538,1.0
DIPF76MH,"You know I wouldn't say it if it wasn't true, but BEST MMR EVER!",0,0,0.001134642050601542,1.0
EAIESSFT,<user> <user> 95% of kindergartners in 2009 were vaccinated,0,1,0.4456111341714859,0.6666666666666666
WG1H4W48,<user> jude's character is relevant-- just like Jenny McCarthy is going around telling people not to vaccinate their kids...,1,1,0.8748009921982884,1.0
T207OL3W,How many people have to get measles for it to be an #outbreak ?,0,0,0.020808469387702644,1.0
A6DYX8L3,"“<user> On average, people who complain live longer -- Releasing this tension increases immunity and boosts their health.” woohoo!!",0,0,0.0005732842018915107,1.0
6IRHBGQH,"please have a doctor vaccinate your children.I usually don't take medical advice from actors not good enough to make the ""grown-ups 2"" cut.",1,1,0.9895805444102734,1.0
GCQD4ZUX,<user> all shit I'm supposed to be scared of from measles isis ebola I'm drinking I could be so lucky and have a heart attack,0,0,0.06297317519783974,1.0
YHBEY8L9,Parents who choose not to vaccinate their children may be liable if another child is infected as a result. <url>,1,1,0.4930099993944168,0.6666666666666666
HSMPNG71,"SB PUBLIC HEALTH DEPT: possible measles patient is child.

La posible víctima de sarampión es un joven.",0,0,0.006777350034099072,1.0
9H5P42X5,"5mo old dies from #measles. ""Maybe wrongful death lawsuits will convert nonvaxers."" I like it. 

via <user> <url>",1,0,0.00506431981921196,0.6666666666666666
87DFM49R,"Exotic vaccinations, oh my! (@ Waco Infectious Disease Clinic) <url>",1,1,0.773988351225853,0.6666666666666666
813WF1GB,Think those vaccines are causing autism...? Maybe you should vaccinate yourself with straight Jet Fuel and see if that also causes Austim...,1,1,0.9006744101643562,1.0
GRGJ1CIS,Don't know why all this schools need d vaccine sef,-1,-1,-0.3185964822769165,0.6666666666666666
V6VQNL03,"<user> I mean, being the oppressed isn't an immunity from criticism is it. We know chivalry is dead &amp; men only respond to women's wants",0,0,8.278735549538396e-06,0.6666666666666666
JTSPDE7M,People who refuse immunization's for there children are just uneducated and especially if you say because it hurts them?!? Really grow up,1,1,0.8474128097295761,1.0
5NNOIQCE,Link in Bio For Tix #MMR #BBoyEnt #aftonshows #liveperformance #OneNightOneMicOneCity @ Columba Sc. <url>,0,0,-3.414894308662042e-06,1.0
BZMEACLU,"<user>  
Yvette. Who funded those books your read in medical school? rates went up bc they added more poison (vaccines) to the schedule.",-1,1,0.3791428729891777,0.6666666666666666
5KJ6SF8X,"Back-to-school fairs offer information, immunizations: Parents are invited to attend three back-to-school fairs... <url>",0,1,0.9595620701293228,1.0
JIXO9OAE,Anyone who has read my stuff over the years knows I am very troubled by govt mandated anything. So get your kid fucking vaccinated!,1,1,0.9833000097423792,1.0
FNU1Y1L6,Kids should not be forced to get vaccinations by schools!! <user> <user> they're not guinea pigs!!!,-1,1,0.6963892132043839,1.0
8YIDGNAL,Africa and the rest of the world should seal its borders... From the U.S. that is. #measles #jennymccarthy #ignorant,0,1,0.8169386170338839,1.0
P29W1N5C,Measles Invades  The U.S. As The Anti-Vaccine Movement Scores Again - Forbes <url>,0,1,0.9701951732859015,0.6666666666666666
3DLRK6OR,Chicago-area measles cases put spotlight on day care centers <url>,0,0,0.002166608268453274,1.0
Y2G7CWBW,#roalddahl doesn't want your kids to die from being #un-vaccinated. He prefers they be murdered inside a loney recluse's chocalate factory.,1,1,0.6483877673745155,0.6666666666666666
I110AY8G,I don't vaccinate my kids.  #5WordDealBreakers wtf,-1,1,0.6394720524549484,0.3333333333333333
47ML6NVS,Measles exposure warning sign at <user> don't  we vaccinate for that? <url>,1,1,0.6206988645717502,0.6666666666666666
V8AAKTIS,"<user> I am aware that MMR vaccinations start at 12 months, well before they start kindergarten",0,1,0.41329312324523926,1.0
4PKWV0GF,Security Stepped Up At State Capitol After Vaccine Bill Author Receives Death Threats: Security has been stepped up… <url>,0,0,0.003318648596177809,1.0
SLLZP3GF,"<user> <user> she has this rare disease, so they kicked her out of school and made her go to the doctor to get a vaccine.",0,0,0.3636659272015095,1.0
KQS5VTQG,What is the vaccination rate at your school? Explore the data. <url>,1,0,-0.11114514619112015,0.6666666666666666
CTYKRTRH,"<user> <user> <user> She got me to reveal I had measles as a kid! ... and mumps ... and chicken pox, too ... the Trifecta! ...",0,0,0.025204720368492417,1.0
3BMP2OMZ,<user> haha good :D and idk yet maybe 4 (: ! #11 do yuu like mmr.lane ?! Crushh ? (x,0,0,0.00032121971889864653,1.0
DDYHJR69,"It's natural for parents to ? safety of vaccines w/all the false facts out. Questioning is ok,&amp; research shows vaccines are safe &amp; necessary",1,1,0.8772085905075073,0.6666666666666666
ROBSHDOE,"""<user> The Flu Vaccine Clinic is tomorrow sponsored by the Cherokee County Health Dept. <url>  <user>",1,1,0.9101557927206159,0.6666666666666666
RJLGSNS8,"So only 20% of Americans believe in the Big Bang, 30% recognize evolution, and 51% know its safe to vaccinate. I'm gonna go cry now.",1,1,0.7959451228380203,1.0
ZLB6T9US,"I think this years ""I'm going to disneyworld"" commercial should have a disclaimer about measles outbreak",0,0,0.0098744087445084,1.0
21JFVNS8,<user> Flip flop much? Don't make parents VAX  kids but #ebolanurse must be q'tined? Way bigger risk for measles spread than Ebola.,1,1,0.9423681888729334,0.6666666666666666
Y6YNV2MN,"""Vaccinate fat kids."" #ScandaI",1,1,0.9489427376538515,1.0
Q7QS5P3E,Gothamist: Officials Try To Contain Measles Outbreak In Upper Manhattan &amp; The Bronx. <url> so many people who are not vacci,0,0,0.00023226847406476736,1.0
3ZFOS70O,. <user> hmmmm “<user> CDC: This year's flu vaccine is not as effective...because virus mutated. <url>,0,0,-0.2640217915177345,0.6666666666666666
BLSEWG0S,"Measles off to a fast start, as cases trend up: Health officials are worried about recent U.S. measles outbreaks... <url>",0,0,0.061058534774929285,1.0
TQJUBNEX,In just over a week I will be working with colleagues in the #Dominicanrepublic to improve #immunization rates and #nutrition for children.,1,1,0.8136790450662374,1.0
HAYGYZDB,"So strange, reading about AIDS, Ebola, measles... Quite the trifecta!",0,0,0.0002566980469964619,1.0
AP1D4BG5,RT <user> Tens of thousands of San Francisco commuters possibly exposed to measles by infected LinkedIn employee. <url>,0,0,-3.5652192309498787e-06,0.6666666666666666
9LHMGN1U,“<user> Measles cases surge as vaccination rates drop. <url> And Lou Gehrig died from Lou Gehrig's disease. #Obvious,0,0,0.0029235705733299255,0.6666666666666666
7Y5GD87G,<user> <user> <user> ugh confusing tweet on my part. don't have measles. ;-),0,0,0.0453546749195084,1.0
LEW9CR9T,".<user> ""#Measles Vaccine is SAFE, EFFECTIVE &amp; not just for kids."" Need a booster? <url> #mapit <url>",1,1,0.554381100460887,1.0
KZFNSG54,"“<user> Never mind SARS or MERS, worry about measles <url> #vaccinateyourchild",0,0,-0.14086150005459785,0.6666666666666666
J78XI566,“<user> CDC Director Shuts Down GOP Senator's Immigrant Measles Theory <user> <url> breeds stupid.,1,0,0.018602167954668403,1.0
BT88LTU0,Iowa school immunization audit report: <url>,0,0,0.05781473312526941,0.6666666666666666
O2OPIX2I,Vaccine baby <url>,-1,1,0.5546018034219742,0.6666666666666666
Z2W40S2G,Is It Safe To Delay Your Child’s Immunizations?: 25That’s how many vaccinations are recommended for a child by the… <url>,0,1,0.6810617335140705,1.0
TAYPG166,<user> here here <user>  we agree on vaccinations. #kidshealth,1,1,0.8266734778881073,0.6666666666666666
7Y7Q5HH2,MMR Vaccine and Autism: Vaccine Nihilism and Postmodern Science <url>,0,1,0.4417278915643692,0.6666666666666666
LLVRWN54,"My new hobby <user> On average, people who complain live longer -- Releasing this tension increases immunity and boosts their health.",0,0,1.2755695479427231e-05,1.0
ZCOLETM5,CIA: No more vaccination campaigns in spy ops <url> via <user> Harm from protected medic status ruse will linger,-1,0,-0.07795816659927368,0.6666666666666666
XLX3D9RE,<user> What's wrong with getting measles?  I had it as a child! That baby is fine! #rights #choice  #vaccineexemption must stay!,-1,1,0.9554867297410965,1.0
PAF2QVG6,Amen!  RT <user> Good thing parents who don't vaccinate their kids carry liability insurance in case they make someone else sick”,1,1,0.6032396256923676,1.0
WZLY8A6F,Jennifair on Trill Radio #SINS EP coming soon. #MMR Paranoia track quickly becoming people favor <url>,0,0,7.059733616188169e-05,1.0
4QYN15Z1,<user> <user> <user> lol nigga we can't get measles,-1,0,0.025324688002001494,0.3333333333333333
P238P0J1,Look up the vaccination rate for your NYC or NYS school. <url> via <user> <user>,1,1,0.4595099538564682,0.6666666666666666
CMUH9AVM,<user> unfortunatly auto-immune disorders r increasing. Known Allergies 2 vaccine ingredients recently correctd   <user>,0,0,-0.08693022280931473,1.0
ENK6VVKO,First well-child visit in over 2 years. Because she's up to date on vaccines and I am… <url>,1,1,0.8777368664741516,1.0
9M9TQY6H,While the state of California requires children receive the MMR,0,0,0.020655937027186155,1.0
0HAYPGQV,<user> watch of for dem measles.,0,0,0.012602324270119425,1.0
2R5OGXRX,"#Repost shesurs with repostapp.
・・・
#Mmr <user>  luv it ""Come Over"" #ComeOver #ManyMenRecords… <url>",0,0,1.1931863298286771e-05,1.0
OJ9O9W5B,<user> <user> Actually it's ten in a million. Still no peer reviewed study showing vaccines cause any diseases. I'll be here waiting.,1,1,0.9561663661152124,1.0
TPIPVTGZ,"Mumps vaccine not a guarantee against it, but CDC says mumps in USA very rare bc of it. Symptoms: fever, aches, and fatigue.",1,1,0.6710155010223389,0.6666666666666666
5XJRL17K,"<user> a lot of antivaxxers in response say ""it's a calculated risk"" as in, they prefer measles over vaccine ""injury""",1,-1,-0.45134738832712173,1.0
1A8HUW5C,The FluMist nasal spray version of the vaccine popular with needle-averse kids is no longer available. <url>,0,1,0.42028380930423737,0.6666666666666666
YENLR7O0,"#KellyFile <user> article today states that ""nearly every state requires measles immunization for school entry"" Should that change?",0,1,0.9925347524113022,1.0
DUD2WTUE,<user> <user> The Measles story is pretty wild hope it doesn't spread for people.Wet Concerts sucks lol.,0,0,0.2227241639047861,0.6666666666666666
7VG5C2Y4,Several Disneyland employees diagnosed with measles - <url> <url> via <user>,0,0,0.0002692273392312927,0.6666666666666666
6UB5NF2J,<user> except when it comes to childhood vaccinations!,0,1,0.8408134318888187,0.6666666666666666
8YKKT1EG,Stoli-ween in full effect <user> #mmr #dc #dj #like #live #dmv #instadc #halloween #horror… <url>,0,0,1.3152196913779335e-06,1.0
P4B2LCAH,Yup...#madhatterdc #mmr #mixmasterrod #walkingdead #zombienation  @ MixMasterRod's Upstairs Lounge <url>,0,0,7.167882756675681e-06,1.0
UZBUV7QS,So do the parents that didn't get their kids the measles vaccination  take them to the hospital when they get it?,1,1,0.756881570443511,0.6666666666666666
QH03ZNAL,RT <user> Vaccinations The Measles and Medicaid Expansion <url> <user>,0,1,0.49527477473020554,1.0
OJ79RORA,<user> -I agree. Vaccines harness the body's own immune defenses to conquer and prevent disease. A real win-win.,1,1,0.8746379055082798,1.0
0UEXAYC5,<user> go to Herbert Lehman high school tomorrow to get vaccine.  Good Luck!,1,1,0.9953761323122308,1.0
QMO0G7VL,"“<user> With measles cases surging, why are vaccination rates dropping? <url> via <user> bc people r very stupid.",1,1,0.7848587781190872,0.6666666666666666
NON38ZMO,"Thank You, <user> fighting 4 CHIP Children's Health Insurance Plan which covers vaccines
#UniteBIue <user>  <user>",1,0,0.19561558961868286,0.6666666666666666
4KH53KQD,“<user> Measles Replace Ebola As Health Threat: West Africa:  <url> some antivaxers don't think measles dangerous,1,0,0.25834947382099926,0.6666666666666666
L8O11UWE,Olentangy schools keep out 5 students who lack mumps vaccination: Five Olentangy Local Schools students will stay... <url>,0,1,0.7258564550429583,0.6666666666666666
P5PVDG2D,"""vaccinations cause autism!"" shut the fuck up no they do not lol",1,-1,-0.7664511725306511,1.0
X935BJDP,Baby is home! (Actually at work) @ Novartis Vaccines &amp; Diagnostics <url>,1,1,0.7145781144499779,0.6666666666666666
GSH72BRJ,"<user> will be your friend,   sometimes the needs of the many out way the needs of the few!  Like with MEASLES vaccination",1,1,0.7481153565458953,0.6666666666666666
P5ZCAUHT,<user> <user> When MN kids got admitted parents had new fear-their child would die of a VPD wondering Why didn't I vax?,1,1,0.5300343483686447,0.6666666666666666
HG062PJR,Are measles the new Ebola? Is she the new talk?,0,0,0.0001457738908356987,1.0
64JNSMFA,""" #PTI #ImranKhan <user> 
#MissionImranKhanWaziristan Peace March!!""
end to drone killings. Yes to Polio vaccination.",1,0,0.20677252765744925,0.6666666666666666
RQMQ0L2A,#lawandorderSVU I cannot believe in this day and age some parents could be so oblivious to reality as to not #vaccinate their child.,1,1,0.9456105688586831,0.6666666666666666
WAIOBVMB,Parents against vaccination r sooo WRONG. It's an unfounded paranoid delusion. I agree w/schools that ban unvaccinated kids.💉,1,1,0.8736921176314354,0.6666666666666666
UK49VGUD,"<user> <user> just spent the weekend at Disneyland. Didn't get all my vaccinations as a child, made me sick. Still fine...",-1,1,0.901006106287241,0.6666666666666666
E6PEDT5L,<user> the whole vaccine-autism link allegation began with a fraudulent paper by Andrew Wakefield <url>,1,-1,-0.8428720980882645,0.6666666666666666
GS9O3T12,"<user> ""Measles Virus Entry Through SLAM Governs Efficacy of Mantle Cell Lymphoma Radiovirotherapy,"" = Viruses used to treat cancer.",0,0,0.15451298654079437,1.0
NDNZQ9PT,How did the whole not vaccinating your child become a thing again like I thought that was over years ago,1,1,0.9855664575006813,0.6666666666666666
U5SB6XM7,2 discon's straight -_- no mmr for me,0,0,6.541911761814845e-05,1.0
C0L0EIY8,"Lol I can't with people who don't vaccinate their children. God isn't going to save them, medicine is  <url>",1,1,0.9963381463312544,1.0
WUUOPVEI,<user> interesting that they don't mention the vaccine at all in the commercials. I had chicken pox as a kid.,0,1,0.6824018433690071,1.0
RJOE6T02,BBC News - Nigeria polio vaccinators shot dead in Kano <url>,0,1,0.6338657848536968,0.6666666666666666
UJJ3MBNY,One woman dead in Collin County from the flu: She was not immunized against the flu.The first flu-related death... <url>,0,1,0.3406270146369934,1.0
DY8H51GQ,AIDS N : Children with HIV Often Lack Measles Immunity <url>,0,0,0.010343348083551973,0.6666666666666666
ES0NVFK1,"""I cannot go to school today, said little Peggy Ann McKay. I have the measles and the mumps, a gash, a rash and purple bumps."" <user>",0,0,9.548240450385492e-05,1.0
VZLJ3ETF,Where the hell did the measles come from? That hasn't been around since the 90s.,0,0,7.316112373700889e-05,1.0
5NUQRZOC,"<user> idk I always thought it was a requirement to be fully vaccinated to even go to school, epidemic or not.",0,0,0.12312602996826172,0.6666666666666666
FV1MA965,"Reagan's school sent flyer offering flu vaccines. Nice. No insurance, cost is $5.00. With insurance, cost is $15. TN care it's $0. Say what?",1,1,0.8649769127368927,1.0
D286HKI9,"‘Measles Parties’ a Bad Idea, California Public Health Officials Warn: California public health officials are… <url>",0,1,0.8860098944278434,1.0
0HGC7045,"California measles cases top 100: The number of confirmed measles cases in California has grown to 103, the state's… <url>",0,0,0.00789279185119085,1.0
IDJY7D6E,Yo <user> did you know vaccine refusal puts children at increased risk for developing pertussis and infecting other young children?,1,1,0.9651070102117956,1.0
64NLJYBJ,Free Back-to-School Immunizations <url> <url>,1,1,0.7964491890743375,1.0
35H36EY6,"Study of more than 95,000 kids finds no link between MMR vaccine and autism <url>",1,1,0.8696347959339619,1.0
OZZ4M7ET,😭😂😂😂 RT <user> <user> mmr lol”,0,0,1.4377922980202129e-05,1.0
9ACY6QFW,when u get all fly to do to disney land but they having big measles outbreak :/ <user> <url>,0,0,0.009579822733940091,0.6666666666666666
6D03MEDF,"The fella with the shingles on the tv ad is freaking me out. Is #BigPharma using extreme scare tactics so I will get a vaccine? 
Surely not?",-1,1,0.17824727296829224,0.3333333333333333
WXRRHP03,"Measles outbreak concerning, but most people not at risk: There are growing concerns about measles as new… <url>",0,0,0.016542894183658063,1.0
10CGT1SH,#MakeAMovieMoreLikelyToGetADisease Five Easy Measles,0,0,0.0021260586045173113,1.0
18X7KXP0,<user> yeah theres been thousands of kids who have died horrible deaths because their parents refused to vaccinate in fear of autism,1,1,0.9456978738307953,1.0
EJ8SKS99,Take a moment to read this article on the occurrence of Measles in the US in 2013 from <user> <url> <user> #fb,0,0,0.4038228471763432,1.0
34UHCKFI,Swag so sick a nigga got the measles,0,0,0.0007132397918212519,1.0
YJQNRXYM,"<url>
Maps show consequences of not vaccinating kids.",1,1,0.6404441706836224,0.6666666666666666
KA2L1JWI,"LRT

VACCINATE YOU FREAKING KIDS",1,1,0.9781314511783421,1.0
S85DTIFB,Global health success: India certified free of polio <url> #vaccinations <user>,1,1,0.695696147158742,0.6666666666666666
OQ44LBPB,"<user> That's like saying ""look, I made my own disease"" after the vaccine comes out.",0,-1,-0.7023785561323166,1.0
06NTRUNA,<user> how do u really feel about parents who don't vaccinate their kids?,0,1,0.7568988353013992,0.6666666666666666
JPX8C7RF,"Passed a woman with an ""Are Vaccines Safe? Think Twice"" sticker and a ""Mom of the Year"" sticker. Irony at its finest.",1,1,0.8449495546519756,1.0
P3J0CZMV,"""He looks like woody from toy story with the measles that went through a bionic disease"" - Tanner 😂😂",0,0,2.4301108624058543e-05,1.0
5CPYGDF6,"No Link Between MMR Vaccine and Autism, New Study Finds: The vaccine for measles, mumps and rubella doesn’t bring… <url>",1,1,0.9351042192429304,0.6666666666666666
YDO6VRMI,"I'll weigh in. In the 50's children died or were permanently injured by polio, measles, mumps, whooping cough. Love=vaccinate",1,-1,-0.9030517525970936,1.0
UO655GKW,"<user> <user> <user> #Mom genes don't cause ASD, toxic ingredients in #vaccines cause #ASD <url>",0,1,0.5024860799312592,0.6666666666666666
2OGWZTSF,Georgia health officials: 230 exposed to infant with measles: Georgia public health officials have identified 230… <url>,0,0,0.07362238597124815,1.0
D9H1YOYX,"Whaaat?! MT Vaccines should not be required for kids, say 41% of U.S. 18-29 year olds
<url> <url> #stupid",-1,1,0.9914043790195137,0.3333333333333333
56MMCJSN,"If you don't vaccinate your children, you deserve to have them taken away from you.",1,1,0.999534896647674,0.6666666666666666
5ZJ5H4P9,We had sailed 7 years when the measles broke out and the ship lost its way in the fog. #damnantivaxxers,1,0,0.0003481034709693631,0.6666666666666666
NNC2OVM3,"At the pharmacy getting vaccinated for flu and pneumonia. (at <user> in Falls Church, VA) <url>",1,0,0.1602227622643113,1.0
JF6F3H8V,“<user> Measles contamination expands to second location <url> #vaccinate #vaccinate #vaccinate 😷,0,1,0.8045166223309934,0.6666666666666666
20NBVOSW,"If you think the flu shot can give you the flu, it absolutely doesn't. It's the same reason a measles shot doesn't give you measles.#science",1,1,0.8013017326593399,0.6666666666666666
56UHVHUA,Can you mf'ers just get the measles vaccine for Christ sake?,1,1,0.5346795103978366,1.0
988MESPA,He can't handle measles let alone      Ebola.  NJ last in job creation! Christie would be a CATASTROPHIC MISTAKE FOR THIS NATION,0,0,0.02386742431554012,0.6666666666666666
D4G6I2UO,#Negative #Externality #ElonEcon111: #Measles outbreak spreads in US after unvaccinated woman visits Disneyland <url>,0,0,0.0005608187948382692,0.6666666666666666
9K1FB6BR,"I don't wish harm on anyone, but if your kid gets the measles because you're an anti vax idiot, I relish in your pain",1,1,0.9931256377603859,1.0
JW5RYGWQ,"""<user> Where measles cases have been reported and how the current outbreak compares to... <url> <url>",0,0,0.009866115229669958,0.6666666666666666
LV0G8EV9,White Christian ppl just aren't safe anymore! #ebola #Obama #illegals #guncontrol #FreeCommunityCollege #measles in #Disney MY GOD! #CBS,0,0,0.004069658025400713,0.6666666666666666
FHQB90JD,"<url>
Vaccines bringing death rates from measles from 1.5m/yr to under 300k. Gates' metric for success: lives saved",1,1,0.9702747529372573,1.0
U9NO969S,<user> <user> <user> my uncle who got a brain infection at 5 as a result of measles spent last 50 in care homes.,0,1,0.5134575515985489,0.6666666666666666
MI40MUHK,<user> If only we had some simple safe way to prevent this from happening...... #sarcasm #vaccinate ;-),1,1,0.9151799902319908,1.0
7S1YRGN9,Carlsbad California high school film class Nails it on #Vaccines! Here's the trailer HS students made. #humanist <url>,1,1,0.5590499043464661,0.6666666666666666
H8EK63V4,"<user> good, I'm referring to you saying that regardless of truth people should believe what they want. Apply that to vaccines.",-1,1,0.36391034722328186,0.6666666666666666
UUMZ7A5W,.<user> all made more poignant by the fact that #measles was no longer endemic in US in 2000. Such a step backwards.,0,1,0.6218901295214891,0.6666666666666666
L7BG0ULR,The only reason measles is a thing is because of dumbass people thinking vaccinations are brainwashing you or giving you autism #Stupidity,1,1,0.9703229051083326,1.0
OYYEJLXW,"No flu shots, but other immunizations at HEB schools event this week: The folks at Hurst-Euless-Bedford schools say... <url>",0,1,0.9721841076388955,1.0
ELZODN5P,THEY CANT KILL MY DREAM SO THEY ASSASSINATE MY CHARACTER..... #MindOfAMeanBoy #MBS #MMR #RRR @ MMR… <url>,0,0,8.453324880974833e-06,1.0
ZFYH4INN,Wow gotta get vaccines at the doctors after school today smh,0,1,0.995358360465616,0.6666666666666666
0H635HJ6,This person on FB is actually arguing vaccines are not useful bc those diseases are so rare. THEY ARE RARE BECAUSE OF VACCINES. omg. wow.. 😒,1,1,0.9897710047662258,0.6666666666666666
3LORGI2C,"<user> all time high now. And it's cool, don't vaccinate your kid for whatever reason, but if it's a communicable disease, don't",-1,1,0.9996911206253571,0.6666666666666666
RE4YLV4S,AM-News : Many Americans believe widely discredited health conspiracy theories: Is there a link between vaccines... <url>,-1,1,0.9476128406822681,0.3333333333333333
6GSY7LX7,<user> The end of humans in one..  (more like28 sticks.)  All before you can learn to speak the word vaccination,1,-1,-0.17485520243644714,0.6666666666666666
67JCO5VK,Vaccine Safety and Side Effects for Kids from <url> found at <url>,-1,1,0.30753281712532043,0.3333333333333333
JHBY3LG3,King County health officials warn of possible measles exposure: King County health officials say a child with... <url>,0,0,0.14976267889142036,1.0
UX0XFJFO,MMR out to prove that modern 4-cam Ford engines with turbos can beat big block single cams with bigger… <url>,0,0,-0.00789352785795927,1.0
42RI5W8N,Parents who refuse to vaccinate children to be denied childcare rebates <url> #stopavn,0,1,0.9313560705631971,0.6666666666666666
7YIV2LXD,So who can help <user> land promote <user> 's MMR BBQ this year? May 20th. Simple flyers to make &amp; pass out. Who's up for this?,0,0,0.004515536595135927,0.6666666666666666
760UDFEQ,"“<user> On average, people who complain live longer. Releasing this tension increases immunity and boosts their health.” FOREVER YOUNG",0,0,3.606319660320878e-05,1.0
EG27FCEE,ICYMI: British Journal Retracts Paper Linking Autism and Vaccines. <url>,0,0,0.016187481582164764,0.6666666666666666
K6P2MJND,I look like i have measles,0,0,0.00028922412457177415,1.0
ERUGCOSF,Low key don't even know if I can go to school Wednesday. I haven't gotten vaccinated 😂😏,0,0,-0.10492688417434692,1.0
TUD7N3UD,"Who cares if I didn't vaccinate my daughter? It's not your problem it's not your child, it's MY child and my belief.",-1,1,0.8274275586009026,1.0
J9SG11Q7,<user> Bitch has measles.,0,0,0.003366419939993648,1.0
AFQFRO35,Health officials urge vaccinations for swine flu: Health officials are urging people to be vaccinated for swine... <url>,1,1,0.9798665842972696,0.6666666666666666
VZ0O3IDS,It's mostly Europe actually. Measles is endemic in England right now because of idiots. <user> <user> <user> <user>,1,0,0.23616734729148448,1.0
YL8WKKFX,I would never be at to be a nurse that gives infants or babies vaccinations its honestly the saddest thing,-1,1,0.7450193837285042,0.6666666666666666
V11ZK2PB,"Jumpman, Jumpan, Jumpman, them girls up to something 😏

#bts #photoshoot #smoknfaces #mmr #jennifair… <url>",0,0,0.0003258884898968972,1.0
VS1DRSYT,Alleged victim reviewing immunity paperwork so she can resume testimony w/o fear of blackmail prosecution.,0,0,0.0003022474411409348,1.0
VSZ55658,<user> drama? Measles? Caterpillars?  I give up. :-),0,0,0.0024029763881117105,0.6666666666666666
AGUHDEUY,California Legislature passes strict school vaccine bill: California lawmakers on Monday sent the governor a… <url>,0,0,0.0015201949845504714,0.6666666666666666
ABTU0GHB,Meet me at #EscapeGentlemensClub Right Now‼️‼️ #JustTouchedDown #TheBreakupParty #MMR 😘 @ Escape… <url>,0,0,1.1274031521679717e-05,1.0
5HDS7853,Wash. has highest rate of kids' vaccine exemptions - Seattle Times <url>,0,0,0.24545731395483017,1.0
7437WXXZ,<user> mmr and kiewit lol still doing checks lol,0,0,-0.0002674564311746508,1.0
MM43VXMI,"Some Disney Employees Test Positive For Measles, Theme Park Confirms <url>",0,0,0.00032565862966293935,1.0
GK4LJ3VE,Because science ISN'T a thing. “<user> Plunge in kindergartners' vaccination rate worries health officials <url>,1,0,0.12391415238380432,1.0
9HN5SOGL,#Ebola Ebola Was A Warm-Up: The Measles Outbreak Is For Real. - Forbes <url>,0,0,0.00016532224526599748,1.0
4U8OB25X,neighbors are so cute jus woke up to #mmr blasting. They know what I'd be doing if I could pick my ugly bruise face up and put my gloves on☺,0,0,0.001147544535342604,1.0
CQJ51Y1O,No shots at all. MMR vaccine included #87 <user> <user>,0,1,0.2704455554485321,0.6666666666666666
VDURWBG3,#WCW <user> <user> vaccinate your fricken kids people!  Great message. Everyone watch!,1,1,0.9993054385413416,1.0
RV2VNISO,"Search vaccine opt-out rates for Texas schools, districts <url>",-1,0,0.00033030123449862003,0.3333333333333333
XXCWR0IX,#YeaIGoByDibiHoe Just felt like sayin it since cuddy got me out <user> #MMR #SupaTeam,0,0,0.00017977439256355865,1.0
I6PFU9AU,I suggest the <user> get a new round of MMR shots. This mumps in the NHL problem is out of control.,1,1,0.9262856198474765,0.6666666666666666
CRRDTIH0,#nwo #Guest Vaccine Pandemic Targets the Innocent <url> #conspiracy,-1,0,0.017826915194746107,0.6666666666666666
8RLTOHXT,<user> Help save 6m kids' lives. Pledge $1 bill over the next 4 yrs to <user> the Vaccine Alliance. #everyparent <user>,1,0,0.18920939043164253,1.0
CHEPKM5Z,"German Biologist Who Denied Measles Exists Ordered To Pay More Than $100,000 <url>",0,0,0.0002034463941527065,1.0
1SDZNV2M,Still think you don't need to vaccinate your kids? Everyone flipped about Ebola for which there is no cure and yet #measles nbd? 💉,1,1,0.9919936642982066,0.6666666666666666
V8PYLR1P,((ELB)) Measles hit the roads of USA once again: Measles have been making a strong wave of attack throughout the region. The number o...,0,0,0.003914515720680356,1.0
JES1VHHH,“<user> Rockland County residents being warned of possible measles exposure at Palisades Center Mall <url> <user> 😳,0,0,0.042073814969626255,1.0
J01LGQKP,"There's a virus that is called ANA and when parents bring their kids to the clinic to get the vaccination they say “we're here for ANA""",0,1,0.8328086137771606,0.6666666666666666
ABFZBCJF,Vaccinations for school.... (@ Terrace Park Medical Center) <url>,1,1,0.5735385091975331,0.6666666666666666
FZ2AWJR6,"The view replaced one wacky blond with another. They traded in ""gays shouldn't get married"" for ""vaccines cause autism.""",1,1,0.5271320343017578,0.6666666666666666
BG0KR8DB,<user>  99% of public school kids are vaccinated. Where is the problem? #STOPS346,1,1,0.8672547619789839,0.6666666666666666
6I78FXAD,Even Jim Carreys Kick Ass co-stars think he's an idiot. Should stick to putting kids in danger with anti-vaccine campaign. Jackass.,1,1,0.8397924080491066,1.0
EPLU1RAR,Immunizations for school! Oooouch!!! Lol (@ Intown Primary Care) <url>,1,1,0.9672920815646648,0.6666666666666666
M6TOPE25,"103 cases of measles in US. 
#vacccinateyourkids",0,0,0.27445068128872663,0.6666666666666666
2LRU8AHC,<url> Florida Congressman Bill Posey to investigate #CDCwhistleblower study that was falsified. #Vaccines do cause #Autism.,0,-1,-0.1618737280368805,0.6666666666666666
X1XMNAZ4,<user> yoga teachers don't make enough money to not believe in vaccinating kids. Wife's a yoga teacher and kid is fully vaxed.,1,1,0.8056401088833809,0.6666666666666666
UX5N1YFB,"“<user> In the U.S., the latest measles outbreak is spreading beyond Disneyland. <url> #vaccinate.",0,1,0.5796369314193726,0.6666666666666666
8ZX9BOMZ,I don't understand why people can't just vaccinate their kids!!!!,1,1,0.9990556094562635,1.0
51CSK83R,"Measles and this year's flu seem to have demonstrated that we were not fully prepared, possibly focusing elsewhere.",0,0,-0.014921210706233978,1.0
T3D8FAET,Hot topic--worth the read! My Health-Nut Parents Didn’t Vaccinate Me. This Is What My Childhood Was Like. <url> via <user>,-1,1,0.4128698408603668,0.3333333333333333
LZ54JZ7J,“<user> Now we're at 84 cases of measles in 14 states <url> via <user>  arrogance and ignorance at work.,1,0,0.02508503504213877,1.0
0AKN4MI1,"Commercialization Officer, Vaccine and Pharmaceutical Delivery Technologies, Seattle, United States <user> #jobs <url>",0,0,0.00026572820206638426,1.0
26PNSJFC,Health department packed. Chyy y'all better get y'all child immunization shot.,1,1,0.9410773646086454,1.0
ZMNX7JQP,"“<user> On average, people who complain live longer -- Releasing this tension increases immunity and boosts their health.”I always complain😏",0,0,2.9729853849858046e-06,1.0
JWZ0MLPW,"Vaccinate your damn kids people, jesus",1,1,0.9965861707460135,1.0
IWK3PDE9,"“<user> On average, people who complain live longer -- Releasing this tension increases immunity and boosts their health.” yay 4 me!!",0,0,0.0005142923600942595,1.0
LLC7MB86,So apparently there has been a measles breakout at Disneyland,0,0,0.0007593951559101697,1.0
9E4OUZST,"As you lay, cold and flu. I will risk my immunity for just one kiss.",0,0,-0.031345659866929054,1.0
O1QC1UHY,"<user> thats awesome, dont you think dr that having a vaccine for HBV makes pharmaceutical companies more reluctant to make new drugs?",0,0,-0.18367376923561096,1.0
S5RSAK5B,"Measles cases at 14-year high, mostly among those who aren’t vaccinated: Young boy with measles rash. (Credit:... <url>",0,1,0.9177113779005595,0.6666666666666666
VWS67LYC,High vaccination rates and best protection for our kids come from honest relationships. Doctors and parents. Not politicians and lobbyists,1,1,0.7904627025127411,1.0
RBCHUSK7,"""<user> ALERT: 14 infants are now under quarantine after child in Santa Monica day care contracts measles. (<user> <url>",0,0,0.023179760668426752,1.0
5G4PTVA0,"<user> Yes. I'm a part of public health just like I'm a part of nature. I feed an abandoned baby bird, I vaccinate my privileged kids.",1,1,0.6662334036082029,1.0
GWIYTC34,"With Brooks Brothers releasing the 'Gatsby' line, i cant help but get hype I can't wait till everyone's driving town cars &amp; getting Measles",0,0,0.07636400102637708,1.0
B18V36S5,<user> <user> I was agreeing. I just phrases it weirdly I guess. People should vaccinate their kids and be vaccinated. Yes.,1,1,0.7096206527203321,1.0
KVEZT1TQ,"<user> Not only do vaccinations fail to prevent disease, they are proven to cause disease! Please consider reversing your position.",-1,1,0.5570538640022278,0.3333333333333333
RSVWY0P7,<user> but you and yours is vaccinated right? So you have the protection from us crazy people. Or do you not believe in the poison?,-1,1,0.2127545177936554,0.6666666666666666
316XV4QA,<user> Forcing anti-vaccination ignorance on innocent children is just sick. I'm glad you posted this.,1,1,0.995847960584797,0.6666666666666666
N2QDS0QD,3 New Measles Cases Reported In Suburban Chicago <url>,1,0,9.572290565529329e-06,0.6666666666666666
73OT6RM1,<user> measles for everyone!! 😷😷😷😷😷,0,0,0.0005522916303561942,1.0
X8KV468O,"Walgreens sign: ""College vaccination shots available!"" Huh. I wonder which schools it works against.",0,1,0.9541481249034405,1.0
0VE4NWWQ,"Measles Outbreak Hits Texas Church That Preached Against Vaccines - <url>
Maybe they should have another talk with God.",1,1,0.8258762285113335,0.6666666666666666
NNE8ICTR,It appears #measles has gone viral,0,0,0.0002439664676785469,1.0
GVWMOZB7,Getting dead arm from all these immunizations is not the business #nursingproblems,0,1,0.745262261480093,0.6666666666666666
OQQI4AD1,"Fact: blankets keep you safe at night. We dont know what from, but they are definitely an immunity against something.",0,0,0.007449050433933735,1.0
IJZ1Z3YC,"""I hope we are screening them before they come to Africa"" <user> on why he poked fun at US measles outbreak <url> #fb",0,0,0.0846238979138434,1.0
JYO7DXOD,"<user> Boehner's built up an immunity to his own poisons, but not Obama's.",0,0,0.015326483640819788,1.0
YFPZ6X34,Both your kids had blunt force trauma to the brain and you wanna say it was a vaccine? #byefelicia #Drphil,-1,-1,-0.618053000420332,0.3333333333333333
9CVXYHPA,"Damn you people! RT ""<user> Health officials report first suspected case of measles in Tehama County <url>",1,0,0.007731614547083154,0.6666666666666666
FJDGT98W,"Over their lifetime, your #pets will be exposed to deadly infectious diseases. Prevent infection through vaccination! #pethealth #petcare",1,1,0.6725340485572815,1.0
XWZ6DAM6,"<user> <user> <user> 1.) There is no such thing as a ""Vaccine preventable"" disease. If that were the case, only the",-1,1,0.7399786785244942,0.6666666666666666
AZ6XBLNX,“<user> These the type of people who don't vaccinate their kids. <url> I work for Apple care😂😂😂😂,1,1,0.9887019749730825,0.6666666666666666
G9ZYXQEF,Two Infants Test Positive for Measles in Chicago-Area Day Care; 3 More Showing Symptoms <url>,0,0,0.13501298986375332,0.6666666666666666
J7HHRFXQ,Governor weighs in on criticism of HPV vaccine letter: The Indiana State Department of Health sent letters to… <url>,1,1,0.6572695784270763,0.6666666666666666
YDXJHMMY,"""<user> CDC: Flu vaccine barely protected those over 65 this year &amp; overall worked for just 56% of children &amp; adults http:/",0,1,0.5401381552219391,0.6666666666666666
5OGDH7P4,"I'm not really shocked that the measles spread so fast at Disneyland. I mean, it is a small world after all.",0,0,0.004683155239035841,1.0
HQF5RMR8,<user> lol I tol them yestetday ur name is all u have n will get u farther than money lol #MMR lol #bout dey biz,0,0,0.00016203982522711158,1.0
DPAXFKU3,"<user> This is verifiably false; evidence suggests that vaccines, at best, do nothing, and at worst, cause brain damage or death.",-1,-1,-0.5028606057167053,0.6666666666666666
XVLTN7AQ,<user> Why do African children need vaccinations and our American kids don't?,1,-1,-0.30946433544158936,1.0
FRQPDTM1,"Hey, Jim Carrey: ""Vaccines don't cause autism"" = 23 letters.",1,1,0.961976982653141,1.0
3GDBNATS,RT <user> RT <user> An extra special F**k you to all the anti-vaxxers out there today... my 1yr old nephew has measles #stopAVN,1,1,0.9980421030777507,1.0
UV5B3XQE,Always get the facts from *legitimate* medical sources. Vaccinate yourself &amp; your kids. <url> #VaccinesSaveLives,1,1,0.9328509401530027,1.0
A83UQ081,"<user> hey if measles &amp; Ebola can make it here, so can u! #comebacktosandiego",0,0,0.0001104369293898344,1.0
4BWG3QKL,the news makes me so disappointed. why are you talking about people falling off skate boards? why not talk about the measles in Disneyland?,0,0,0.000231539539527148,1.0
I1TFJ9O3,"Good thing I didn't get one then lol ""<user> CDC: Flu vaccine may not be effective for this year’s strains <url>",-1,1,0.4043501764535904,0.6666666666666666
GCW9NROM,<user> <user> If someone got the measles from the vaccine is there any chance of it recurring?  Poor kid got ear infection too,-1,1,0.9133907365612686,0.3333333333333333
4037U631,"Closing up our vaccination POD w/the help of Mineral Co Health Nurse, Hawthorne FD, SOC FD. [pic]: <url>",1,1,0.5958657711744308,0.6666666666666666
JTX0OB0P,Thank goodness i vaccinate my child.  #lovehim #hateantivaxxers,1,1,0.9023028239607811,1.0
VVAUZNW3,Awww Baby girl woke up with a fever. Long night for mommy and baby #fussybaby #immunizations,0,0,0.12211323133669794,0.6666666666666666
84IZB8GZ,This little shit clearly needed to die from the measles. #AHSHotel,0,1,0.7501600333489478,1.0
U34RSEXC,Hey FUCKTAWRDS AMERICANS! #vaccinate your freaking Children! I'm tired of this insanity! #polio #MeaslesOutbreak,1,1,0.9993959810963133,1.0
WKPT641N,"“<user> Contrary to popular belief, not every child born since the 2000s has Autism. So. The anti-vaccination movement can stop.” 🙌",1,1,0.7164314836263657,1.0
6HGQ3H1M,Nasal spray flu vaccines deemed ineffective by the CDC <url>,0,-1,-0.8851668871939182,1.0
ZQMVIWCE,"Oakland MI has a reported case of measles so, if your in MI and hate your kid to the point of not vaccinating, here's your chance.",1,1,0.9873086105217226,1.0
AL40FCZO,<user> please stop pushing this bs flu vaccine for the pharmaceutical industry-we don't want it because it doesn't work,-1,-1,-0.7527372762560844,1.0
R2TMNMYN,Measles outbreak in Framingham. Send in all those non vac parents and their kids. #shotsrule #noplagueinthishouse <user>,1,1,0.9242985472083092,0.6666666666666666
V9X4ZPIO,<user> mmr ain't worth shit i heard they don't pay good &amp; no per diem,0,0,-0.0024925065226852894,1.0
BA7XVFJ8,<user> <user> Go away. My 3 kids are all vaccinated. Try approaching people nicely and they might care about what you have to say.,1,0,-0.06945525109767914,1.0
ZN1X92KQ,<user> I was born before MMR existed. I got each of the vaccination separately as a child.,0,0,0.01963207870721817,0.6666666666666666
EU62EK8X,"The HPV vaccine does not cause retardation. This vaccine will
prevent your moms, sisters, GFs, wives, etc dying from a preventable disease.",1,1,0.9378765877336264,1.0
HKO0ZVSS,<user> honestly it is near impossible to get out of low mmr.,0,0,0.11242565885186195,1.0
6Q91OG6Z,This measles outbreak is scary. I don't wanna take my son nowhere,0,0,0.008740238612517715,1.0
ESYI4ZZ0,"Turns out this ""measles"" was an allergic reaction to amoxicillin",0,0,-0.057173335924744606,1.0
LD34HL7Z,Child-vaccine bill becomes less universal: Colorado state Sen. Irene Aguilar introduced her much-anticipated bill... <url>,0,0,0.012196757132187486,0.6666666666666666
KEBPVA9N,"Ridiculous... ""<user> There were 37 measles cases in the U.S. in 2004. Last year there were 644. <url>",0,0,0.07953707102569751,0.6666666666666666
R5G16TN1,Should my child get the measles vaccine? -  <url>,0,1,0.4804891496896744,1.0
B5YHXQNP,After their disastrous military and economic adventures republicans are now ready to attack public health #Iraq #trickledown #vaccinations,1,0,0.008040076121687889,0.6666666666666666
CYBPQ6RY,<user> BTW what moron needs proof that vaccines work? And that without them disease would spread? #derp,1,1,0.6517735570669174,1.0
HDOC8RWL,Gonna make'm sweat madhatterdc #dc #djdc #dupontcircle #dcbar #barcrawl #mmr #madhatterdc… <url>,0,0,7.300483844119299e-07,1.0
9645UV58,Do not ask!   What are all those bumps doing on me?   I already had shingles and chicken pox and measles. <url>,0,0,-0.034915607422590256,1.0
C0RQAWOZ,New chickenpox vaccine requirement for high schoolers this year <url>,0,0,0.015771065751323476,0.6666666666666666
7YE0WW6U,"<user> News you might've missed, from <user> No. 5: 400 million children get immunized: <url> #vaccineswork",0,1,0.9994624057289911,0.6666666666666666
MKQI6SIF,"I WIN!! “<user> On average, people who complain live longer -- Releasing this tension increases immunity and boosts their health.”",0,0,3.218104825464252e-05,1.0
5IF3TGGA,"World facing polio health emergency, risk even worse due to lack of vaccination.  <url>",1,1,0.6530977636575699,1.0
C1STNP3U,<user> if your not vaccinated get the hell out of our public schools! That would be the old rough and tumble Christie,1,1,0.9199966229498386,0.6666666666666666
M9F2DAQG,The most stunning part of that article? It's a biologist who thinks measles is a mental illness. How can you work in that field?,0,0,0.18311304599046707,0.6666666666666666
IG4AMRG3,Refrigeration seal issues in a unit for children vaccines at the State office here I go:) <url>,0,0,0.006217925430973992,1.0
TPV6WSPC,"When diagnosed w/ disease, natural to look @ events just before (like vaccine): beware recall bias, assumptions #NMOaction <user>",0,0,0.27079763263463974,0.6666666666666666
IE4H5MCB,<user> we should send them all our <user> funds and maybe god'll give us a million $ to vaccinate children.,1,1,0.8546868041157722,1.0
8D1YOPRF,AIDS vaccine developed at Oregon Health &amp; Science Univ said to have rid test patients of the disease. <url>,1,1,0.6250065788626671,0.6666666666666666
EOLT45G3,Portage County Health officials: Second suspected case of measles “unlikely” to be confirmed: Portage County Health… <url>,0,0,6.147976381498665e-05,1.0
Y57DZH1R,"""<user> Nationalism is an infantile disease. It is the measles of mankind.""",0,0,0.002460398376570083,1.0
PVZAMTH5,<user> Parents of  unvaccinated children should be thankful to the ones who do. Parents who vaccinate are protecting the unvaccinated.,1,1,0.9228934142738581,1.0
LC7UHTGN,<user> <user> this is the truth and not being covered by the media at all!  Spreading diseases because not immunized as kids. No CDC?,0,1,0.760308139026165,0.6666666666666666
4TYD5RFJ,"Can I petition this group to change its name to ""people my kids won't be hanging around with""?  #Vaccine <url>",0,1,0.5470205806195736,0.6666666666666666
QGUDBWBB,#BTS #MarchMadness #CrimeMoney #DemBoyz #MMR #CF2DEFBOYZ #CrimeFamRecordz #video #comingsoon… <url>,0,0,2.1165378427667747e-06,1.0
F7GSFRPT,'No one with an IQ over 120 follows the full CDC vaccine schedule' Discuss. #vaccinedebate #hearthiswell,-1,0,-0.033004410564899445,0.6666666666666666
T46VNPQM,At my grade school doing a service project for Martin Luther king day #MMR,0,0,0.00030425842578551965,1.0
RJB7QRY2,<user> vaccinations cause many problems in old age I don't get them nor do my children we're fine thank you,-1,1,0.04791468381881714,1.0
D12OS7CH,Can I vaccinate my kids from <user> ??,0,0,0.04331553727388382,0.6666666666666666
8B3XW96Z,""" hey dad, do you think I should get vaccinated for the measles?""
""Nah, don't worry about it."" 🙎",0,1,0.8281019777059555,0.6666666666666666
FX45SKPB,Washington woman's measles death is first in US since 2003: A Washington woman died from measles in the spring —… <url>,0,1,0.7244583033025265,1.0
LGPTVG2P,NEWS FLASH! We have a measles outbreak in the USA because Obama invited tens of thousands of illegals from Central America to come here! ...,0,0,0.03494773551938124,1.0
FJDNIFVO,If parents want to choose not to vaccinate there children should accept that the children must be withdrawn from modern society.,1,1,0.9296643044799566,1.0
MHIHZ890,<user> <user> <user> vaccine injury compensation program ! Thank The Lord I won!,0,-1,-0.9870604295283556,0.6666666666666666
DCOGOIWU,"#SafetyB4Profit said <user> when I interviewed him. 

Maybe go back to the labs #BigPharma &amp; rework vaccines. <url>",-1,0,0.011331729590892792,0.6666666666666666
9VJUN8JE,I hope my immunizations are up to date (@ Miami Children's Museum) [pic]: <url>,1,1,0.9327904469391797,1.0
CE76NRXA,"Deciding to vaccinate your child for communicable diseases is not a personal choice it's a social responsibility. 
GW",1,1,0.6481660474091768,1.0
QNMJUWI8,<user> I'm convinced you don't need vaccines to stay  healthy...because of my experience &amp; research..(GoodLuck with taking  your poison,-1,1,0.18858599662780762,1.0
HSWPR0XE,Measles Killing Kids Is The New Freedom: <url>,0,0,0.311931436881423,0.6666666666666666
AECQ8OHQ,<user> chicken pox vaccine for kids fairly new but given due to unnecessary illness &amp; risk of exposing others to shingles,1,1,0.9585710503160954,0.6666666666666666
XFIUWWBP,Parents who don't have their children vaccinated against measles should be arrested and have their children taken away from them.,1,1,0.9743925461079925,1.0
F213HUVV,<url> <user> outbreak linked to fully vaxed kids #VaccineDebate,-1,-1,-0.5884743705391884,1.0
LNJI91DZ,<user> They do get their immunization's but it came back I guess? Some kid at his school had it so,1,1,0.6704424042254686,0.6666666666666666
RV3R5JGO,Tonight on <user> - should you vaccinate your child? A <user> doctor weighs in. #vaccinations <url>,0,1,0.5236344337463379,1.0
7CC0RWI0,<user> seems like you need to be vaccinated against foot in mouth disease,0,1,0.5446303635835648,0.6666666666666666
W98J10WQ,PSA vaccinate your little dirty ass children,1,1,0.9985619968210813,1.0
PDIXL3JZ,<user> what about protecting infants? Should people who chose not to vaccinate have lesser access?,1,1,0.9720592345111072,0.6666666666666666
MP2Y59CH,"<user> So what if the kid won't ""get autism from the vaccination."" He'll still have mental issues with her genetics.",0,1,0.5018820762634277,0.6666666666666666
U0BYO8N5,"Since Brady's going to Disneyland, that means he wins measles, right? 😳",0,0,0.0022511402203235775,1.0
702XXBWG,"“<user> And ... Partial agreement: Measles cases result from the ""Law of large numbers + coincidence."" <user> Media obfuscation, too.",0,0,-0.000403053592890501,1.0
OFKTAF5G,<user> <user> being in health care I feel it is the responsibility of everyone to get their #vaccinations.,1,1,0.9317017626017332,1.0
O1LQ72U1,<url> Judge orders 10-year-old girl be vaccinated for measles against mom’s wishes. <url>,0,1,0.787290460895747,0.6666666666666666
XUDRP4ZL,<user> <user> <user> <user> Dr Diana Harper head researcher in 2009 confirmed a 139 deaths from HPV Vaccines!,-1,1,0.657362312078476,1.0
8NE8L9KB,"In case of public health emergency, Maryland would drop its religious exemption for vaccines: Parents in Maryland… <url>",1,0,0.41574951633810997,0.6666666666666666
YDYDPFR1,"In the CDC we blindly trust, right? #CDCwhistleblower #BlackLivesMatter #vaccineworks #autism #SB277 <user> <url>",-1,-1,-0.9996882629566244,1.0
1ZF3CZGZ,+ 'bacterial translocation' promoting immunity has been practiced forever - Moms and wet nurses - chewing the food before giving to babies.,0,0,0.03053014155011624,0.6666666666666666
ITH0J4MM,"""<user> “<user> CSU Channel Islands confirms student diagnosed w/ #measles” <user> wtf this is not good !",0,0,0.0005494231445482001,1.0
XK6TBOB7,"I hate you, measles -- Signed Everyone",0,0,0.04942426399429678,1.0
T3AAO3BZ,"“<user> On average, people who complain live longer. Releasing tension increases immunity &amp; boosts their health"" #IAMGOINGTOLIVEFOREVER",0,0,2.057963752122305e-05,1.0
8CJWKNXQ,I was gonna get the vaccine for cooties but I don't want to get autism.,-1,1,0.7595997452735901,0.3333333333333333
U3WPQXNF,Everyone keeps saying my rash is chicken pox or the measles 😑😂,0,0,0.020695621147751808,1.0
02BRQ370,Shame on you if you choose not to vaccinate your kid(s) because of some bs article you have read on Facebook.,1,1,0.9367989841848612,0.6666666666666666
9OCLOQKW,<user> <user> <user> U don't believe me? Ask the parents of injured children that question!  I didn't vaccinate MY kids.,-1,-1,-0.963253790512681,1.0
EJKI9IKQ,Yes! RT <user> There's a simple way to decrease the number of parents who choose not to vaccinate their children <url>,1,1,0.8572964631021023,1.0
HU4LTTZS,"Want to catch a real boogieman's disease? From the ""Whitest""happiest place on earth? Than #measles are for you! #Disneyland <user>",0,0,0.013039318648225162,1.0
RUBPXTK1,"<user> and I meant that the new mmr counts your gold, objectives and kda",0,0,4.149020787735935e-05,1.0
UARA5ZAH,"AIDS N : HIV, AIDS Cure &amp; Treatment: New Findings on Vaccine Response Out : Latinos Health News ...: LOS ANGELES,… <url>",0,0,-0.12183283641934395,0.6666666666666666
6DKPF7FI,Measles outbreak casts spotlight on anti-vaccine movement <url>,1,1,0.9311001468449831,0.6666666666666666
8IUNCOXD,#GOPObamaCareReplacement exposure to disease to build up body's immunity,0,0,0.0010095302714034915,1.0
83V7M852,"Two New Measles Cases Confirmed In NYC, Bringing Total To 26: Health officials say they have confirmed another... <url>",0,0,0.001356407257844694,1.0
1KAVNQ0L,"Says the guy who quarantined the nurse. RT <user> Gov Christie: parents need ""measure of choice"" in vaccinating kids <url>",-1,1,0.9070270047523081,0.3333333333333333
C1ZINNGX,"Remember that time in the early 1990s when our parents had us vaccinated because they cared about our health? Wow, crazy bygone times!",1,1,0.3061082661151886,1.0
JY6N9TC1,"AM-News : Pioneering Measles Vaccine Researcher Has Anecdotes, Insight, Perspective, and Generosity to ...:... <url>",0,0,0.1516195246949792,0.6666666666666666
4J49MFLL,<user> we gonna fry mmr this weekend???,0,0,0.0001990900818782393,1.0
K7SMD3VA,two dozen measles cases tied to Disney theme parks: <url> <url> protect your kids! Fucking anti-vaxers,1,1,0.9934216578840278,1.0
7Q0EL4QI,“<user> Measles and mumps are making a comeback amid vaccination backlash <url> how strange,1,0,0.2259368635714054,1.0
BIQ56CSU,"<user> sarcasm? If not, you are forgetting it is not just parents killing their own kids but anyone who is not vaccinated!",1,1,0.9062405377626419,1.0
0XVFX2F8,I think facing a mandatory quarantine from school if exposed and not vaccinated would change some minds #weirdede,1,1,0.6511223129928112,1.0
JRWS5P5D,"""<user> Attn media!! Hope you watched the ustream press conference on vaccines and autism!""heard a lady talk on fox about it",1,1,0.9090142082422972,0.6666666666666666
26UKG40M,<user> no. Many modern vaccines linked to infertility and higher risk of cancer. They are a silent killer,-1,-1,-0.7699826657772064,1.0
